Yıl,Çin,Amerika Birleşik Devletleri,Almanya,Birleşik Krallık,Fransa,Türkiye,İspanya,Hollanda,Güney Kore,İtalya,Belçika,Brezilya,İsveç,Norveç,Hindistan
2015,211,114,23,29,23.8,0.23,2.08,15.4,3.35,2.24,3.9,0.089,8.7,33.9,0.45
2016,339,160,24,39,30.6,0.127,3.5,43,5.03,2.7,9.2,0.177,12.9,45,0.73
2017,580,194,54,49,38,0.111,7.4,26,14.67,4.9,14.7,0.43,20.4,62,0.92
2018,1090,360,67,62,48,0.235,11.6,27.6,59.4,9.7,13.2,0.41,29.1,73,0.92
2019,1070,325,108,75,64,0.324,17.4,66.5,35.7,17.5,17.7,1.94,41,79,0.687
2020,1150,294,390,178,185,1.29,42,87,39.7,60,47,2.6,94,106,3.143
2021,3250,630,690,310,310,3.92,67,94,91,138,71,13.9,135,148,12.05
2022,6000,990,830,370,340,7.54,82,107,131,114,97,18.5,163,156,48.023
2023,8200,1390,700,450,470,67.5,122,156,132,136,193,52,171,110,82.27
2024,11300,1520,570,550,450,104.9,128,182,127.9,118,197,126,157,113.5,92.095
2025,13300,1530,860,700,450,237,230,228,217,193,180,178,173,172.8,170.1
