Yıl,Çin,Almanya,Birleşik Krallık,Fransa,Hollanda,Singapur,İrlanda,Hindistan,Güney Kore,Çin Hong Kong ÖİB,İtalya,İsviçre,Kanada,Meksika,İspanya,Belçika,Vietnam,Rusya,Avustralya,Tayland,Brezilya,Türkiye,Suudi Arabistan,İsveç,Malezya,Endonezya,Danimarka,Avusturya,Çekya,Norveç
1990,49.12975892,404.3614053989,255.0324360795,276.5407782195,174.9015974828,64.0450699892,26.9732473623,22.6397749116,70.587774855,90.213678231,215.6846121526,109.2837964296,149.4617757971,48.8661181349,84.463395364,126.5124686142,2.3323256646,93.9004815409,47.0714798544,29.1292766181,31.5560666667,20.1352625527,47.4459279039,73.469841353,32.783400342,28.9825311834,50.3540238503,59.4231235629,13.4090391021,46.392958129
1991,55.54265917,442.0494991161,258.22135097,282.1870712708,182.2356270627,76.6314905933,27.6728077069,22.9433980733,78.3535030114,106.1580583714,212.3061823006,106.4527287308,149.1708126036,51.4594610443,91.063265012,126.7900484347,2.9719769689,68.7407407407,52.2485697983,35.3294369454,29.7238636364,20.9049137105,50.6526034713,71.9084057875,38.2459266802,33.0638066094,52.4633111858,60.1162533883,11.4744709774,47.0301871076
1992,66.847400129,473.0206637445,270.4195752896,311.9154894672,195.6174987469,84.3098724529,32.6594814418,25.4860290467,85.3505818479,127.9074198933,230.7535616654,113.3634162992,155.7243319269,55.4060624938,102.2395546888,138.0725784191,3.428344547,286.8644067797,54.2268003181,41.2068395876,35.6689196109,22.898733993,53.6106809079,74.162970569,44.9577885106,38.8017261764,56.509036961,64.6786739294,13.8728291829,47.8815673023
1993,74.28032875,413.2757600852,263.5633188362,286.7499420894,187.8172365923,97.9663830285,33.2153657402,27.4665414629,92.7392649639,144.8555331899,217.2418210902,110.4732437737,168.7512595923,61.477360985,93.0849457445,126.0863234608,3.7859366554,166.2219685439,54.7470489039,47.4535331526,38.6827128563,24.6696950387,45.6782376502,65.0755453915,52.7937003102,42.2743978595,52.3612182483,59.9008801609,16.3213690529,44.2447949705
1994,104.607445198,456.4746293841,297.41546985,315.2817816635,209.5355139847,122.4657663391,38.8035853946,32.3612144314,112.6412011862,162.0133851473,240.4106544188,120.0512809827,190.1149677797,70.6117693105,107.8790622283,143.0734530986,5.5395255893,109.6670547901,58.0152196472,56.0949778353,49.9787989481,27.9097200176,45.9607476636,77.3278900985,66.3980338363,46.8966331135,57.5487452442,65.4539489218,17.7512551676,46.7131886194
1995,131.858826,557.0274327829,346.673504813,377.9019582074,261.3258303596,159.0469000794,50.831584596,39.0688551179,147.1042754883,182.5636618577,289.8183763224,140.3929429175,218.7401632177,86.9265292452,134.2954363491,173.1447728517,6.8041276457,115.8489312216,65.7937332937,70.305503762,57.9221240385,43.0060093794,53.5212283044,99.7162603564,83.4621212121,53.185312942,67.7346399757,80.8277043811,24.1856066315,55.6713284506
1996,154.811877,558.5196256824,374.3822152886,385.7000897551,260.8849673203,169.1321741708,56.7726058468,40.8030046182,152.4401727235,194.3522930589,311.1064123478,139.2335323625,233.9457279061,106.8429789901,148.1873111782,170.8500325733,10.077135261,102.1343842672,75.8140547693,71.4174580489,57.2354821411,48.9670499355,63.5012016021,105.4713689234,92.3594880356,58.7172010417,69.5504016417,81.2567260203,25.6971029869,64.4799838755
1997,187.44704,548.0724114595,402.0432220039,385.9778601933,253.7011520217,169.5064540418,63.903008596,44.4592256425,161.8709641611,204.0297165504,299.9113233288,137.0660022049,249.7659974,121.7311832099,151.6579545455,163.7209066306,11.570361483,100.1382886776,83.3274638794,72.4426350006,61.6800246198,56.5599387614,64.9890520694,105.2387064664,93.2944140819,60.1060384036,65.5327806798,78.7921896493,25.0272251771,64.6007577685
1998,188.750394176,576.7789263088,403.9350778403,407.9484100511,261.751832926,142.983995,76.0597958955,46.426465025,151.9141035767,187.1836885515,305.6120218579,139.2582356187,253.7849679811,129.4522202284,161.7975275643,165.9088686375,12.2030448749,84.5955692942,78.1665875331,65.8605747711,60.7231878551,57.0136769151,43.4930666667,108.7077824878,83.5293518141,50.5557262346,65.8172131686,83.7049066252,28.0935343172,56.686723834
1999,198.699399635,576.2685226961,409.9951464164,404.5448662215,269.9920817641,152.5077037353,85.5037912974,52.5444834027,162.5078113388,186.851434096,290.576914389,139.3878598056,283.9913845325,147.818774072,167.4153617618,166.7313464375,14.3321476134,84.6709991877,71.285875423,71.4902573821,57.3551495562,48.3336472588,56.0616,110.212408017,96.0160526316,49.7202605898,70.0265194519,85.5067690768,27.8682468787,62.3335726741
2000,253.092089737,583.8127213976,427.1992737177,404.9948666196,277.4984667404,180.9610183049,94.5853970451,60.8784728212,196.3599870022,216.3568050845,293.8671901404,143.5737156561,329.2586357821,179.8101680514,170.9911620376,171.7867618874,16.8086885784,114.4294347672,80.6958885252,81.9530351204,66.7773805183,54.7667548491,82.2594666667,113.6937635066,112.3692105263,67.6211691658,73.6207056699,85.5177006158,29.7337772538,78.2063896021
2001,272.0600105159,600.9342746996,421.4840938535,403.3101264885,274.1092081685,164.2276177735,104.1246797742,60.9634155766,175.1668055002,207.9771758295,299.5864648354,143.4364369519,310.6676136364,171.481946818,175.0104878327,169.5385496711,17.9971023611,113.1162152897,84.096722017,76.0883509371,69.2795550963,55.1933127609,72.9805333333,104.0303608252,102.4357894737,62.6258758339,75.0699077234,88.1235838553,33.1286396727,78.3818410312
2002,333.0023109235,655.732684858,437.4550359712,428.7849676589,285.8166788565,170.3502983378,116.3144282611,73.4528959516,187.6531816339,219.7081979459,311.6270592675,150.0618170153,304.7059198369,177.1448297517,188.3242454635,183.0164564702,19.1937875866,121.649122807,82.0337823096,81.4477942233,72.5468766383,60.8328675328,77.6413333333,110.0547390907,109.2210526316,63.9567988045,81.6442712199,97.1624347818,36.9915940205,79.2845512162
2003,447.9582537816,792.5509222459,494.0489795918,497.9894035857,345.0310674573,197.8181396558,133.1208143599,90.8385752438,221.7950239264,243.3306578483,367.6204536047,172.8861290562,330.1498822354,181.0953884686,232.5801505522,219.5930718577,22.4156978357,151.6973871877,89.1380314502,93.686920142,84.7442575163,73.1543130886,98.9568,134.7517405983,117.8542105263,71.553141045,95.6098304416,116.8964451159,46.7703215286,91.0025140533
2004,607.3569341247,967.9400998595,582.7700476016,580.9967940391,413.8997885332,246.1163227683,156.4220597272,126.6484720208,293.1591472491,283.70865434,433.7478670676,207.9692263772,383.240584166,205.7117671884,271.6110464394,261.7964083809,27.1345307005,203.4154807359,105.4908237303,114.0624947557,110.7390320531,97.8405986656,131.9205333333,164.273700826,143.9276315789,82.744351781,110.4242261021,141.2847599243,68.3635281208,109.0523380014
2005,773.339005397,1040.2659866895,643.1218181818,617.3863913438,451.3186281089,287.7717275386,168.5008679033,160.8382606808,331.6277334409,322.2000395251,457.1417170378,226.5658689367,432.3692028388,233.8622157386,287.9807721588,286.5198369519,36.7120915145,268.9570471286,126.7856673019,129.498934986,135.9191402364,112.4329946122,187.3886472205,177.5587105753,162.048875496,97.387627566,125.6151755073,153.6832750286,84.7728050623,134.6610787738
2006,991.7313877605,1187.1297640835,745.5087396504,670.5074757081,502.6388098376,338.9261221209,183.5031689693,199.9739223638,377.241080635,358.3989254146,510.2658193313,251.8984096347,467.0521861777,270.9288167929,317.7769950494,313.5639587569,44.9447770292,333.9087942396,148.5873743447,152.2932682801,159.2137425316,126.9085813814,225.5065420561,201.1165324876,182.5170922777,113.1434252878,143.6324746082,170.9703992674,101.376993751,154.5067282054
2007,1258.0567959407,1415.8093413188,788.8415366146,766.4298389417,586.4398872827,385.0066551567,218.3234147317,253.0775260132,440.0348536406,394.4429582472,605.5279054129,304.8084296901,502.7706917419,295.2225172288,382.8183716502,368.7405471358,54.5910075209,392.0433433688,172.5704640025,181.0945657884,186.2028795752,152.0356196913,249.318478986,233.8705095579,205.488238927,127.226102177,164.5815167992,204.5593269024,125.7129552521,173.303649112
2008,1497.8687829396,1559.4140791617,806.3933823529,854.5989375784,666.7537549586,443.3716103561,232.2938690471,288.9020448207,500.4586466254,424.118380348,646.5085117802,360.7734050411,534.1508903468,313.8524560867,417.9916457297,418.4181648156,69.7249766137,520.0042248633,212.794797279,208.0952890258,229.5170356976,185.490178806,322.8536,252.233466341,229.6565805303,152.0904014218,191.585682313,230.062733001,149.0798807383,215.5787234043
2009,1262.6641610197,1233.3014869824,648.8175728307,698.8052413568,541.451746607,370.5259828878,221.2070943014,273.7521248892,427.7377773253,381.2941593834,492.2103479852,324.7241494348,391.9858280115,250.1361065159,343.9965834895,332.7009380459,66.3745953007,341.584048926,213.7173132596,181.5304213345,180.8919703535,155.3513248729,202.0562666667,188.7480728527,184.8972748782,130.3577985912,151.6274841911,181.6247396936,121.0284320411,155.294435698
2010,1654.8233296639,1369.3406993,717.7222252017,736.3528836133,590.65052365,474.8173094694,229.1100494185,375.3535140263,540.0163429777,469.4468531826,534.4891885,392.6341579175,471.7367171633,320.7660375809,368.8183538167,365.156061525,79.7474808526,445.5129698565,227.4270262653,226.787505596,240.0031377417,168.95118465,261.8309333333,221.1319675307,221.6875855883,183.4805629613,163.077152065,201.0886970586,137.0307227102,174.1618089067
2011,2006.3089609765,1592.2757092315,836.5211344977,847.8856006848,686.4552605739,568.0091685642,246.7855234042,447.3844176251,670.2999269197,528.9672404933,612.8012011255,481.4406665587,550.1637719624,374.1482266623,437.1727782393,423.1879430088,105.5939198578,573.9910240644,299.8236157683,262.743281925,303.0166263258,198.3038374762,376.224,259.1050700106,254.0200123987,235.095129133,186.2183630963,232.8884356408,162.5806141718,210.2873467295
2012,2175.0692546639,1535.1798513481,829.5008257568,814.4450122275,672.9620280187,580.5055870482,235.5940884686,448.4004773613,694.6928874314,566.8832658172,587.1094939501,470.5757065172,554.9645447827,395.8549297929,416.5978660102,398.9755761079,124.1490693641,594.1926205756,332.6135691025,274.1213776287,292.8083954535,221.0292839481,399.4194666667,246.4679110836,249.353066125,225.7444032677,180.0001034675,220.9692053987,157.9929000128,213.3002148689
2013,2354.2645396092,1586.7783241792,844.8793296225,861.4743364992,710.4422140094,600.0131862863,266.600810534,472.1802713401,706.3432520611,610.9720216607,606.7238982313,514.1839602973,560.108797443,408.2636583236,446.1905521008,413.5723714931,142.7584393165,592.4966133897,315.0551280302,282.3429121043,290.3641733249,234.8002698858,387.7453333333,249.6334161724,244.4907168058,218.3084088278,189.2744880268,229.883469301,161.0046540939,211.4752340426
2014,2462.8258048512,1653.100023449,880.3158120629,879.5958523914,733.7070701623,604.391776173,306.7232115667,468.3458154209,712.5709509517,621.0733106674,622.0379439857,479.7707695726,573.0831802539,429.3149567612,458.5081326918,427.1432919747,162.478898406,558.2829859665,309.6219751448,278.5960137172,270.4581308501,243.2878634726,354.9733333333,251.0731643682,249.4707992398,210.8200828318,193.4701252569,236.1894196663,171.5785137902,201.2147051045
2015,2362.0970532746,1458.592274325,821.2003860717,774.1083642532,651.5614450195,549.4219991635,382.7247629712,416.7879408478,630.5865188856,606.0790144161,537.8335999482,446.7032739418,495.7474503577,414.495031034,401.6370093289,359.0512417558,174.4739963134,391.3656007411,271.1528365605,271.4234937178,232.4888244446,218.7950910457,218.0104,219.2577235947,209.2872878565,182.158298802,168.4246952899,202.6624806938,151.3099242848,151.3711274155
2016,2199.9748535701,1472.5608078455,786.6404124536,778.1341816642,644.981374821,525.3917712476,394.5513087189,439.6425780764,601.8614408139,600.0252504106,543.4644123943,462.7388674658,481.3576499802,409.476294705,417.3677808245,377.6061606566,190.5268695447,330.1065097402,232.6630115129,277.2484648073,223.8633431033,205.793476583,200.8773333333,220.2946549625,201.1650585747,177.8860127449,167.7788660843,207.329157227,154.7799876568,134.4530952381
2017,2424.2160520984,1589.0897501871,836.0203705561,836.5108362776,722.5214868471,589.5083368032,447.6234572632,498.2588082315,664.3924566632,644.6734332495,593.9730323504,463.8685839053,518.7667802197,446.6883096874,461.2974006435,417.9803407724,230.0418035302,410.7224814249,281.7740350496,304.2660137383,258.3307770065,229.2679701645,239.8925333333,235.0356426631,223.4138373251,204.9244859092,183.5330387066,225.4128969329,172.1204066791,148.7278259117
2018,2655.6091760875,1723.4330496094,922.8347724282,915.6387896269,809.3931542933,671.7132918459,498.559384825,538.6351861354,719.7100648604,681.2825157875,646.9096385347,494.4202713343,557.719627178,490.5089695454,499.2827667004,453.0115518609,261.8026065991,510.3455052666,312.6058041112,328.5697846867,280.5432663031,250.1287507171,314.9165333333,252.5135887931,245.9675906352,218.9056478866,202.4581326587,252.0984737604,190.5308733351,169.5697509991
2019,2641.1884367765,1676.6291370118,917.4337688942,895.5143424792,792.5487713333,666.3025837183,534.3616783984,529.2450631672,648.6105765827,645.0067043844,625.0657571859,487.1071117708,564.1421046148,502.4675663204,486.6702731216,445.3080408808,284.737397483,481.4106806273,336.4775938361,323.7688921974,264.5629794211,256.2633715492,285.86,256.3616501435,238.3798612905,208.0577636593,203.6162680942,247.6092835224,185.2124409947,151.4344318182
2020,2739.7850896284,1541.8676604125,815.8017247836,756.1741436472,757.6266744389,636.352158592,609.5924619581,499.7285290726,603.7134177742,608.1502346207,547.940256805,480.6369338103,487.9906766429,439.853932828,393.139331916,419.5014465497,292.4798991287,381.0655995844,319.1745807444,256.8352395067,242.8720710183,210.8447901116,182.8477333333,241.0409893033,207.798540353,183.5465770174,195.7282803944,224.4232237205,170.1543499101,119.8222143553
2021,3537.510275664,1851.8460719961,935.6674461752,928.1392547911,911.5911802907,799.1134238394,723.4452279027,677.7692554286,764.0832213458,752.7191329238,679.2941234977,588.0105214683,630.4781583097,534.1216105655,493.2736737209,536.4279645926,343.9373145458,548.8002737111,343.3641647057,295.6399132341,319.2512014031,294.4290205604,286.5013333333,299.954758724,264.0154509765,254.1095081545,240.4470564094,268.8398849202,205.2813814206,217.9456344587
2022,3705.0705417329,1916.859170749,1083.5931723662,1023.3409776971,1009.3218464825,951.4219895015,764.969597259,781.2907915638,815.0190223845,697.5773349829,738.5096441286,643.557905706,742.0563611626,629.7886730742,574.7834320545,558.111250101,386.2410680148,635.2418317008,431.7327108758,323.8544722322,383.1776021162,353.2247903964,445.8813333333,312.3330549447,313.2456444742,323.2181980164,283.101737205,290.6871243293,218.554266387,330.7582560458
2023,3544.871083631,1960.2556826157,1091.6538562006,1053.0695741545,993.3831134118,922.3253177953,774.6133839524,782.6206101921,762.2990627363,673.3941002988,772.20226304,652.8639706619,732.3806738644,648.6422747769,612.4337943941,538.9318562716,376.2680176494,465.9378158392,463.1170159781,338.7140102021,393.7315728879,364.2115993274,374.7874666667,319.5791190377,274.6810755899,299.0318058505,280.4817486568,302.1838387429,236.0312789768,233.0446197539
2024,3828.8739719716,1941.4312106219,1147.6920571548,1071.0662374721,1001.4692815695,1000.5636741496,877.0929419055,829.7851934745,831.8891720913,741.6993674775,770.6855251173,690.605094607,737.0736493289,682.4726098941,639.4628042742,532.2156767184,429.4840972169,477.8811940573,432.6057055494,368.8368108632,392.105346047,374.6862742697,368.5669333333,329.6136294617,301.221326764,311.5100247787,301.4210991963,297.7623019505,238.9959440349,232.308553703
2025,4108.4705551175,2042.3292623082,1224.6700377447,1124.1079029311,1075.1348857557,1073.9908983135,1010.863026885,880.7408466215,856.8556749242,853.5852446357,822.29076295,814.5037153164,726.8799704103,726.5568962466,698.4764766314,547.3649616694,505.6612313302,466.2372733043,418.0556247706,410.5316245945,406.2982419371,396.9237254963,379.8250666667,356.0986453974,335.1050246194,330.2794312188,324.3101540699,316.9813859949,261.773375377,240.8195591182
