Yıl,Lewis Hamilton,Michael Schumacher,Max Verstappen,Sebastian Vettel,Alain Prost,Ayrton Senna,Fernando Alonso,Nigel Mansell,Jackie Stewart,Jim Clark,Niki Lauda,Juan Fangio,Nelson Piquet,Nico Rosberg,Damon Hill,Kimi Räikkönen,Mika Häkkinen,Stirling Moss,Jenson Button,Emerson Fittipaldi,Graham Hill,Jack Brabham,Alberto Ascari,David Coulthard,Alan Jones,Carlos Reutemann,Mario Andretti,Jacques Villeneuve,Rubens Barrichello,Nino Farina
1950,0,0,0,0,0,0,0,0,0,0,0,3,0,0,0,0,0,0,0,0,0,0,0,0,0,0,0,0,0,3
1951,0,0,0,0,0,0,0,0,0,0,0,6,0,0,0,0,0,0,0,0,0,0,2,0,0,0,0,0,0,4
1952,0,0,0,0,0,0,0,0,0,0,0,6,0,0,0,0,0,0,0,0,0,0,8,0,0,0,0,0,0,4
1953,0,0,0,0,0,0,0,0,0,0,0,7,0,0,0,0,0,0,0,0,0,0,13,0,0,0,0,0,0,5
1954,0,0,0,0,0,0,0,0,0,0,0,13,0,0,0,0,0,0,0,0,0,0,13,0,0,0,0,0,0,5
1955,0,0,0,0,0,0,0,0,0,0,0,17,0,0,0,0,0,1,0,0,0,0,13,0,0,0,0,0,0,5
1956,0,0,0,0,0,0,0,0,0,0,0,20,0,0,0,0,0,3,0,0,0,0,13,0,0,0,0,0,0,5
1957,0,0,0,0,0,0,0,0,0,0,0,24,0,0,0,0,0,6,0,0,0,0,13,0,0,0,0,0,0,5
1958,0,0,0,0,0,0,0,0,0,0,0,24,0,0,0,0,0,10,0,0,0,0,13,0,0,0,0,0,0,5
1959,0,0,0,0,0,0,0,0,0,0,0,24,0,0,0,0,0,12,0,0,0,2,13,0,0,0,0,0,0,5
1960,0,0,0,0,0,0,0,0,0,0,0,24,0,0,0,0,0,14,0,0,0,7,13,0,0,0,0,0,0,5
1961,0,0,0,0,0,0,0,0,0,0,0,24,0,0,0,0,0,16,0,0,0,7,13,0,0,0,0,0,0,5
1962,0,0,0,0,0,0,0,0,0,3,0,24,0,0,0,0,0,16,0,0,4,7,13,0,0,0,0,0,0,5
1963,0,0,0,0,0,0,0,0,0,10,0,24,0,0,0,0,0,16,0,0,6,7,13,0,0,0,0,0,0,5
1964,0,0,0,0,0,0,0,0,0,13,0,24,0,0,0,0,0,16,0,0,8,7,13,0,0,0,0,0,0,5
1965,0,0,0,0,0,0,0,0,1,19,0,24,0,0,0,0,0,16,0,0,10,7,13,0,0,0,0,0,0,5
1966,0,0,0,0,0,0,0,0,2,20,0,24,0,0,0,0,0,16,0,0,10,11,13,0,0,0,0,0,0,5
1967,0,0,0,0,0,0,0,0,2,24,0,24,0,0,0,0,0,16,0,0,10,13,13,0,0,0,0,0,0,5
1968,0,0,0,0,0,0,0,0,5,25,0,24,0,0,0,0,0,16,0,0,13,13,13,0,0,0,0,0,0,5
1969,0,0,0,0,0,0,0,0,11,25,0,24,0,0,0,0,0,16,0,0,14,13,13,0,0,0,0,0,0,5
1970,0,0,0,0,0,0,0,0,12,25,0,24,0,0,0,0,0,16,0,1,14,14,13,0,0,0,0,0,0,5
1971,0,0,0,0,0,0,0,0,18,25,0,24,0,0,0,0,0,16,0,1,14,14,13,0,0,0,1,0,0,5
1972,0,0,0,0,0,0,0,0,22,25,0,24,0,0,0,0,0,16,0,6,14,14,13,0,0,0,1,0,0,5
1973,0,0,0,0,0,0,0,0,27,25,0,24,0,0,0,0,0,16,0,9,14,14,13,0,0,0,1,0,0,5
1974,0,0,0,0,0,0,0,0,27,25,2,24,0,0,0,0,0,16,0,12,14,14,13,0,0,3,1,0,0,5
1975,0,0,0,0,0,0,0,0,27,25,7,24,0,0,0,0,0,16,0,14,14,14,13,0,0,4,1,0,0,5
1976,0,0,0,0,0,0,0,0,27,25,12,24,0,0,0,0,0,16,0,14,14,14,13,0,0,4,2,0,0,5
1977,0,0,0,0,0,0,0,0,27,25,15,24,0,0,0,0,0,16,0,14,14,14,13,0,1,5,6,0,0,5
1978,0,0,0,0,0,0,0,0,27,25,17,24,0,0,0,0,0,16,0,14,14,14,13,0,1,9,12,0,0,5
1979,0,0,0,0,0,0,0,0,27,25,17,24,0,0,0,0,0,16,0,14,14,14,13,0,5,9,12,0,0,5
1980,0,0,0,0,0,0,0,0,27,25,17,24,3,0,0,0,0,16,0,14,14,14,13,0,10,10,12,0,0,5
1981,0,0,0,0,3,0,0,0,27,25,17,24,6,0,0,0,0,16,0,14,14,14,13,0,12,12,12,0,0,5
1982,0,0,0,0,5,0,0,0,27,25,19,24,7,0,0,0,0,16,0,14,14,14,13,0,12,12,12,0,0,5
1983,0,0,0,0,9,0,0,0,27,25,19,24,10,0,0,0,0,16,0,14,14,14,13,0,12,12,12,0,0,5
1984,0,0,0,0,16,0,0,0,27,25,24,24,12,0,0,0,0,16,0,14,14,14,13,0,12,12,12,0,0,5
1985,0,0,0,0,21,2,0,2,27,25,25,24,13,0,0,0,0,16,0,14,14,14,13,0,12,12,12,0,0,5
1986,0,0,0,0,25,4,0,7,27,25,25,24,17,0,0,0,0,16,0,14,14,14,13,0,12,12,12,0,0,5
1987,0,0,0,0,28,6,0,13,27,25,25,24,20,0,0,0,0,16,0,14,14,14,13,0,12,12,12,0,0,5
1988,0,0,0,0,35,14,0,13,27,25,25,24,20,0,0,0,0,16,0,14,14,14,13,0,12,12,12,0,0,5
1989,0,0,0,0,39,20,0,15,27,25,25,24,20,0,0,0,0,16,0,14,14,14,13,0,12,12,12,0,0,5
1990,0,0,0,0,44,26,0,16,27,25,25,24,22,0,0,0,0,16,0,14,14,14,13,0,12,12,12,0,0,5
1991,0,0,0,0,44,33,0,21,27,25,25,24,23,0,0,0,0,16,0,14,14,14,13,0,12,12,12,0,0,5
1992,0,1,0,0,44,36,0,30,27,25,25,24,23,0,0,0,0,16,0,14,14,14,13,0,12,12,12,0,0,5
1993,0,2,0,0,51,41,0,30,27,25,25,24,23,0,3,0,0,16,0,14,14,14,13,0,12,12,12,0,0,5
1994,0,10,0,0,51,41,0,31,27,25,25,24,23,0,9,0,0,16,0,14,14,14,13,0,12,12,12,0,0,5
1995,0,19,0,0,51,41,0,31,27,25,25,24,23,0,13,0,0,16,0,14,14,14,13,1,12,12,12,0,0,5
1996,0,22,0,0,51,41,0,31,27,25,25,24,23,0,21,0,0,16,0,14,14,14,13,1,12,12,12,4,0,5
1997,0,27,0,0,51,41,0,31,27,25,25,24,23,0,21,0,1,16,0,14,14,14,13,3,12,12,12,11,0,5
1998,0,33,0,0,51,41,0,31,27,25,25,24,23,0,22,0,9,16,0,14,14,14,13,4,12,12,12,11,0,5
1999,0,35,0,0,51,41,0,31,27,25,25,24,23,0,22,0,14,16,0,14,14,14,13,6,12,12,12,11,0,5
2000,0,44,0,0,51,41,0,31,27,25,25,24,23,0,22,0,18,16,0,14,14,14,13,9,12,12,12,11,1,5
2001,0,53,0,0,51,41,0,31,27,25,25,24,23,0,22,0,20,16,0,14,14,14,13,11,12,12,12,11,1,5
2002,0,64,0,0,51,41,0,31,27,25,25,24,23,0,22,0,20,16,0,14,14,14,13,12,12,12,12,11,5,5
2003,0,70,0,0,51,41,1,31,27,25,25,24,23,0,22,1,20,16,0,14,14,14,13,13,12,12,12,11,7,5
2004,0,83,0,0,51,41,1,31,27,25,25,24,23,0,22,2,20,16,0,14,14,14,13,13,12,12,12,11,9,5
2005,0,84,0,0,51,41,8,31,27,25,25,24,23,0,22,9,20,16,0,14,14,14,13,13,12,12,12,11,9,5
2006,0,91,0,0,51,41,15,31,27,25,25,24,23,0,22,9,20,16,1,14,14,14,13,13,12,12,12,11,9,5
2007,4,91,0,0,51,41,19,31,27,25,25,24,23,0,22,15,20,16,1,14,14,14,13,13,12,12,12,11,9,5
2008,9,91,0,1,51,41,21,31,27,25,25,24,23,0,22,17,20,16,1,14,14,14,13,13,12,12,12,11,9,5
2009,11,91,0,5,51,41,21,31,27,25,25,24,23,0,22,18,20,16,7,14,14,14,13,13,12,12,12,11,11,5
2010,14,91,0,10,51,41,26,31,27,25,25,24,23,0,22,18,20,16,9,14,14,14,13,13,12,12,12,11,11,5
2011,17,91,0,21,51,41,27,31,27,25,25,24,23,0,22,18,20,16,12,14,14,14,13,13,12,12,12,11,11,5
2012,21,91,0,26,51,41,30,31,27,25,25,24,23,1,22,19,20,16,15,14,14,14,13,13,12,12,12,11,11,5
2013,22,91,0,39,51,41,32,31,27,25,25,24,23,3,22,20,20,16,15,14,14,14,13,13,12,12,12,11,11,5
2014,33,91,0,39,51,41,32,31,27,25,25,24,23,8,22,20,20,16,15,14,14,14,13,13,12,12,12,11,11,5
2015,43,91,0,42,51,41,32,31,27,25,25,24,23,14,22,20,20,16,15,14,14,14,13,13,12,12,12,11,11,5
2016,53,91,1,42,51,41,32,31,27,25,25,24,23,23,22,20,20,16,15,14,14,14,13,13,12,12,12,11,11,5
2017,62,91,3,47,51,41,32,31,27,25,25,24,23,23,22,20,20,16,15,14,14,14,13,13,12,12,12,11,11,5
2018,73,91,5,52,51,41,32,31,27,25,25,24,23,23,22,21,20,16,15,14,14,14,13,13,12,12,12,11,11,5
2019,84,91,8,53,51,41,32,31,27,25,25,24,23,23,22,21,20,16,15,14,14,14,13,13,12,12,12,11,11,5
2020,95,91,10,53,51,41,32,31,27,25,25,24,23,23,22,21,20,16,15,14,14,14,13,13,12,12,12,11,11,5
2021,103,91,20,53,51,41,32,31,27,25,25,24,23,23,22,21,20,16,15,14,14,14,13,13,12,12,12,11,11,5
2022,103,91,35,53,51,41,32,31,27,25,25,24,23,23,22,21,20,16,15,14,14,14,13,13,12,12,12,11,11,5
2023,103,91,54,53,51,41,32,31,27,25,25,24,23,23,22,21,20,16,15,14,14,14,13,13,12,12,12,11,11,5
2024,105,91,63,53,51,41,32,31,27,25,25,24,23,23,22,21,20,16,15,14,14,14,13,13,12,12,12,11,11,5
2025,105,91,71,53,51,41,32,31,27,25,25,24,23,23,22,21,20,16,15,14,14,14,13,13,12,12,12,11,11,5
