Yıl,Lüksemburg,İrlanda,İsviçre,Singapur,İzlanda,Norveç,Amerika Birleşik Devletleri,Danimarka,Çin Makao ÖİB,Hollanda,Katar,Avustralya,İsveç,Avusturya,Belçika,Almanya,İsrail,Birleşik Krallık,Çin Hong Kong ÖİB,Finlandiya,Kanada,Andorra,Yeni Zelanda,Fransa,Malta,İtalya,Kıbrıs,Porto Riko,İspanya,Türkiye
1990,33465.478207919,14031.3025675469,40170.8696758305,11861.7561591366,26272.2452156659,28137.4837293741,23888.6000088133,26885.6994188191,9692.4353880996,21322.1944802703,16721.6210835226,18273.561526468,30549.3185706762,21596.068219998,20600.3752789827,22385.6778250275,13300.0985026479,19095.4669984608,13485.6314525052,28366.204276071,21525.8611387148,19563.6574722488,13663.0216184298,21586.4674617483,7192.3899469396,20873.7834092719,9641.5751953125,8652.507492225,13795.0159385128,2689.5262192123
1991,35747.3377992066,14087.2074393708,40140.3718874038,14502.3799938606,27739.8886025504,28427.2524217324,24342.2589048189,27002.8057705804,10707.3786750774,21764.2144987258,15133.4969397069,18885.4274465057,31776.6680192213,22323.1312492943,21041.6606519648,23443.3350818536,14337.2280625182,19900.7266505069,15465.9245305858,25488.8450525604,21846.7930471354,19533.2620668023,12230.0734548834,21500.7778366233,7558.7592158316,22007.1350964074,9696.099609375,9064.0185171149,14801.3226152172,2649.2725997444
1992,39570.8615665986,15714.3847487231,41327.1832947809,16136.2405377661,28072.4041083276,30328.210916818,25418.9907763319,29579.4913648682,13249.8387410349,23939.2173482108,16280.293589053,18650.3675476612,32753.4287003642,24782.7118767063,23372.619171015,26559.8543879632,15500.4201495689,20487.1707852878,17976.4688629053,22320.1124695857,20950.3305287651,20099.5352208543,11793.1392416214,23615.0168565483,8220.3340392467,23297.0460325456,11310.072265625,9659.3388999592,16100.6799428032,2743.6532029794
1993,40066.7242518773,14657.0615549805,39828.3640333356,18290.130113185,24404.0275812365,27792.6599198329,26387.2937338171,27581.7241097459,14754.1825906333,23156.4404444568,14769.718821974,17724.5399501656,24389.8738124128,23987.2037240657,22283.9360213551,25616.6508772405,15169.4731267116,18389.0195675099,20395.5621886121,17588.6781715509,20186.7988782965,15916.8395162087,13094.3454502639,22238.8250618434,7296.3511112749,18781.9529427137,10526.1416015625,10212.2767630564,13330.3798192211,3057.9373748042
1994,43933.235442736,15902.9296755168,43741.1064805172,21552.4100366948,24858.2031335605,29129.7350937014,27694.853416234,29967.8303903163,15905.2615421482,24682.5866742863,14764.8766954856,18155.6282000179,26045.5196995275,25546.2460525087,24208.5547931447,27201.9593555204,16796.463811535,19709.2380983653,22502.5302426236,20278.29109854,19997.6237373354,15748.5307503373,15280.3127842922,23359.8985104774,8000.3453286604,19382.2002150155,11617.6923828125,10876.4188239898,13405.704414883,2176.2801813809
1995,51032.349635318,19158.4564773907,50868.9734516769,24914.8507020358,27564.569102386,34658.6948344762,28690.8757013347,35321.0980773087,17215.1178522275,29301.1940492376,15822.5092848142,20479.1748274233,30254.0273028727,30207.0674314652,28413.8264387368,31747.2449398447,19013.94330229,23252.6157127423,23497.3920767477,26246.2743214462,20679.634792669,18443.2545197741,17400.4201848172,26791.8151982369,9828.3236642467,20712.1798690324,15261.4169921875,11579.1849969985,15460.9110266653,3845.9899788784
1996,50444.3591236175,20835.8977130847,48837.8072568268,26232.866096827,28583.5208959793,37072.6000316602,29967.7127181749,35621.9878051732,17289.5517956917,29063.6236532536,17124.7926054464,22055.838490507,33022.2444768661,29645.9451251491,27489.5551770488,30599.7891048363,20212.9229756617,24503.3829602903,24818.3021600084,25756.6777073618,21296.9723536904,19130.1597151312,18794.436039393,26757.6351494145,10061.8500714248,23122.9337219116,15139.220703125,12173.163688986,16100.6215831114,4041.3621028169
1997,46641.6408754876,22551.1139134126,42159.9962722039,26375.8653668113,28461.7664095122,36324.1473513598,31459.1299691554,32779.879045297,17415.6982810978,26744.9601318097,20522.801449232,23683.4948964934,30324.1845796306,26571.7523626508,24820.9380503896,27046.9565464237,20457.3857209047,26910.1381529902,27330.0933613355,24682.29083271,21901.5870048928,18247.9995651361,17474.187029724,24169.4008102822,9893.1888543156,21883.9872666651,14234.2412109375,12817.6449621352,14722.3717633536,4197.3763616564
1998,47445.3863148198,24294.8547674007,43165.639648677,21829.2737831583,31519.1647473126,34515.8977194734,32853.6725949234,33346.4884298957,16094.9913844594,27924.281808994,17665.4399446972,21516.0403147759,30605.3669074811,27212.4642905708,25338.4432934904,27395.9440608051,20175.625397054,28396.3523548013,25808.8609899709,25999.9861694953,21024.5627149423,18536.5084282698,14738.4455703918,24869.4030795939,10408.1156430599,22365.1837644545,15092.828125,14304.4049868015,15382.3348573373,4331.0276127504
1999,50872.4492684624,26338.1077543817,42260.8690492557,21796.6373891001,32834.4215745364,36151.4491624485,34515.3813073394,33426.2381077405,15318.6006770368,28318.7466538357,20233.6846826643,20749.6443779096,30968.8710702052,27078.7081612201,25252.8019066564,26965.4922773722,19808.8555169876,28858.0065333126,25091.6665997966,26180.4128562349,22315.3130930482,18875.2869134938,15322.2238340267,24576.3152254528,10609.1105181418,22049.9990620261,15287.91796875,15220.9913420267,15707.9473068138,3973.7776385412
2000,48659.6390968187,26334.5672050501,39298.0968042444,23852.8389514753,32503.578963236,37991.8907576589,36329.9702595751,30722.0251837567,15731.4081633771,26225.1697734149,27535.182940934,21908.9968019784,29632.5890811623,24487.2974685956,23098.8865077401,23925.8559901991,21690.237340061,28383.8761094996,25756.7728723704,24335.9225082659,24271.0020563821,21810.2487426174,13641.1027183822,22340.5939516217,10348.485765125,20190.0035636084,14388.3525390625,16192.1269719638,14743.2671031455,4199.3798635759
2001,48440.1805564662,28282.409882073,40133.6101965261,21699.7414868907,29208.1981853568,38458.2530907659,37133.6203973517,30768.4775471112,15810.7227666562,26955.7128032278,25870.7991864314,19733.6510102645,27259.3174300217,24430.495982841,23015.0712632462,23878.3641471651,20948.7745727671,28013.8729635508,25230.3780910304,24965.202996776,23822.096210932,23511.2951466328,13882.8568268586,22331.7948343036,10357.7026407269,20570.4385917862,14821.44921875,18123.1987019918,15368.2337984435,3052.2256706793
2002,53005.731801629,32705.4345565698,43094.2492848494,22159.8373710639,32749.379004627,43048.288735011,37997.7424300242,33257.1622586509,16814.9926424134,29446.5330872868,27226.6593510117,20335.0960191023,29957.7776664916,26334.862215032,25006.191397109,25486.5942008748,19058.7462869465,30158.7017807858,24665.8362318216,26989.389260959,24256.0598742201,26528.1301571494,16874.1874918196,24144.5727019529,11251.2024877398,22451.3964379368,16093.2158203125,18731.4593897378,17111.0685058941,3591.0862898259
2003,65689.3214536911,41203.5295847568,49947.3910175152,23730.3840054566,39944.2104095591,50208.0960234078,39490.3023903176,40519.0974905924,18589.8998330534,35896.7504630706,31602.470865136,23757.5898471684,37292.2419727801,32110.1159661425,30655.2092679024,30711.1022511331,19624.0321412582,34556.7726095905,23977.1734120477,32920.0857192568,28301.9097055898,34063.5784040571,21913.7081719961,29479.5222101175,13593.9787182902,27577.5700319855,20252.24609375,19557.1202492358,21522.0170990262,4649.6366806859
2004,76544.9170868473,47754.2023194244,55349.6164595028,27608.080013423,47809.6073050042,57854.5698169407,41724.6411982614,46625.050098011,23407.1993692194,40611.3414353091,41035.5008380177,30886.0500949401,42758.0048564929,36614.2506533707,35429.4077933344,34566.7359143735,20550.0694706176,40504.4118103928,24928.1003722551,37768.1334202029,32145.5653280273,39021.1278078772,25420.234882944,33644.9282220364,15212.1312964883,31348.1901841445,23792.619140625,20988.9923326534,24925.0267844576,5979.6054216148
2005,80988.2044869403,50933.0216095589,57080.0704338193,29961.3172812732,57783.7745608117,67358.3615969796,44123.3996470026,48925.8076698784,25681.2167315221,42165.396168388,53949.6764091147,34535.20727091,43378.4077394363,38157.37022862,36809.7013403619,35084.4363546269,21261.7474251846,42240.2462987547,26649.637724155,39049.8703780223,36383.9671341396,40829.801878928,27751.0654708859,34696.3718316971,15831.3439802756,32062.723833669,24959.26171875,21959.322696986,26450.9530130382,7331.8542943026
2006,90788.8164271049,54329.1618599624,59910.293405504,33768.4528234651,58172.1426656622,75047.741700385,46301.9876485519,52119.1787984282,29813.7877167933,45123.5432406426,62582.4453138755,36658.8243476122,46531.3762240485,40382.2078298575,38705.1067959147,36980.3349948954,22499.7541717986,44695.161023424,28224.0951563146,41214.0187765069,40504.8490329826,43467.210990395,26654.5932018985,36431.5658906555,16653.6038312389,33537.1286994269,26729.28125,22935.9411586313,28421.686527407,7990.0825140725
2007,107475.320297978,61396.417461176,66082.1233977532,39432.8860198877,70483.0117228535,86600.2387607877,48050.227412195,58631.6566433635,35400.2334659409,52100.7996285947,65954.1146428814,41128.2476618402,53568.3057787832,46622.9622913635,44319.165448813,42350.9217211489,25688.901610248,50629.0799172887,30593.9511738646,48473.0240091455,44660.0838892281,48336.2283340364,32479.9817381467,41486.1907828787,19444.1743635565,37826.1754554823,31244.87890625,23664.8823485096,32652.015594702,9766.9173454529
2008,120422.137934157,61353.1065629523,75147.5376709155,40008.5720489092,57489.3399795216,99001.5300678626,48570.0594269601,64616.6657583663,38888.5118044503,58246.7026905874,80781.2113909506,49811.2067218988,55817.1759726485,51581.3982361071,48303.397956286,46379.1647953479,30231.0191013609,47652.4030691881,31515.5292103443,53769.4726240385,46710.3654423328,49132.5157047203,31324.7397977102,45464.8181385158,22405.6426266551,40828.5795580937,35541.88671875,24898.3345857045,35603.248328071,10913.4079047769
2009,109419.746953106,52133.0906162544,72788.2049524379,38926.8054365453,41483.7843682814,81939.726548458,47194.9500893872,58412.7472358513,40354.2810293673,53172.0261581418,60785.7351551657,42954.8494884573,46707.6425044751,47857.4446635266,44923.3400135081,42471.8868625226,28469.6817348489,39009.3715547821,30697.5383861641,47478.3495310999,40874.9612318547,43975.0183658196,28276.7255416225,41728.0884164132,21261.5428699817,37099.6133958219,32236.462890625,25768.7258883384,32279.8208476151,9076.9247223698
2010,110885.991378721,48623.9666422487,77956.1262043942,47236.683084953,43776.4677400475,90020.342257973,48642.6312088213,58104.5445594981,52596.2250160214,51305.7338533973,77387.2936379616,52313.8939041213,52542.5759090299,46611.1393420232,44197.393671162,42396.9665976293,31398.9266927022,39778.3220528565,32550.136489179,46506.2919016566,47560.8378831258,42746.830952263,33761.9009639947,40694.8211697025,21946.6073066905,35856.8625485539,31105.02734375,26414.8810634548,30658.7422282912,10698.9699409757
2011,119025.057203467,52613.8540355689,91910.3964565203,53891.4570264372,48254.953927254,103545.218988177,50024.8812320773,61809.737898222,67046.7284292101,54701.7728030611,103261.510293068,62799.3895017032,60379.4814599322,51116.8953522042,47760.8298776546,47630.9761883572,34476.7252065949,42295.9273835322,35142.4879344543,51060.3242589767,52224.1237767406,46657.1561204071,38425.829997974,43929.7840873812,23516.972445816,38432.3742820019,32485.8046875,27170.0766543278,31824.6219134777,11373.6355760885
2012,112584.676270958,49335.8408099555,87269.5594780124,55547.5553077786,46594.9869146614,104627.93694681,51708.3940614082,58443.7747103968,76058.0224963659,50473.9442002689,108470.378825036,68301.4402512587,57749.5615420853,48250.4059142637,44874.1709182123,44718.0159214069,33268.7066672115,42688.3263728372,36730.796195815,47551.6740841369,52670.1429540952,41500.5435782722,40041.7524816244,40863.5814412333,22878.3095862582,34854.3949441965,28991.9296875,27742.024476618,28456.4438151477,11776.7593362033
2013,120000.140729859,52537.6108648692,88851.2374497983,56967.4257940383,50173.3360061057,106333.138368566,53297.3862901595,61377.5940590412,87107.8313063626,52602.2860520766,103697.008372373,68476.6788496118,60843.9888799369,50305.3545774973,46964.5946777056,47206.8353514242,36980.622214228,43607.6636827371,38403.7777145477,49691.0145200739,52637.7313222622,42470.3161158563,42984.9571801167,42669.1795111893,25415.5525389054,35701.6746002376,27764.7265625,28212.0499737431,29228.846559842,12635.5570016068
2014,123678.706919314,57214.5379785709,90511.6484558843,57564.8023114977,55140.364935793,100410.020200979,55153.3940182967,62520.4509747011,88355.3181764446,53457.2234864322,95840.6310094498,62817.2061751737,59583.4584491714,51314.9722616322,47995.7786961339,48959.5991203133,38265.3651949373,47746.9810645521,40315.3739510191,50073.7760815871,50960.8942086685,44369.6596894579,44599.8992733675,43148.0459288416,27424.5693619702,36028.3494022349,26993.095703125,28576.0988023209,29707.765509467,12209.3862327674
2015,105462.012584423,64250.1385181257,85265.06205193,55645.6068614606,53505.6964079339,77220.9524311414,56849.4697923159,53094.0133607574,69902.9605741233,45793.8135434697,68985.2946961507,56970.3613028094,51188.1652120493,43915.228020857,40893.804537772,41929.7549110722,36138.13561386,45256.040227057,42432.1619740441,42560.3456767103,43594.2379080706,38654.9347217207,38648.7302562109,36702.4323733379,25529.6693210673,30639.8829751432,23088.4296875,29242.041465085,25982.4416197775,11064.6494504662
2016,106899.293549552,64129.5571542383,83432.4111596314,57204.0340105222,62854.0906407932,73222.4006864905,57976.628204291,54500.9260410217,68911.6755919628,46808.5291492503,61253.6375482797,50084.4440606385,51703.5088332851,45061.4993920192,41854.5498296444,42948.9381932694,37571.2561196275,41258.5374285695,43734.1980702999,43451.2562442158,42314.1033623905,40129.8192026671,40088.3205470499,37024.2157133669,26459.0644285369,31391.5692898108,24280.044921875,29978.0889268918,26755.6061149398,10984.3643169061
2017,110193.213797228,72161.4047531385,83610.248611484,61436.1325502558,72976.3729990975,78771.2151264554,60047.7190728307,57521.5514992225,77570.9876166977,49513.6817346384,63279.8556949332,54117.547718609,53210.2233318965,47163.7425775142,44035.3239358548,45553.9341495339,41013.2575323519,40918.0520870944,46160.429791493,46085.0174739036,45129.7335281051,40672.9943362327,42912.1537002148,38687.1626407164,30317.2611769875,32844.115660604,26247.46484375,30328.479490518,28381.3425596906,10756.3877677883
2018,116926.759593905,80804.1123164826,87002.3382293532,67032.8225769734,75633.8651351915,85579.0776455494,62875.6661382728,61324.7665045565,83588.2875009014,53955.0770024266,71039.8490579352,57410.1737346009,54018.4554391861,51194.0749841299,47487.2100392561,48916.1686612154,42269.3770257585,43704.3162296687,48537.5668888343,49654.2497035329,46539.2177903178,42819.774579353,43204.1305124872,41418.1766484844,33382.280781103,35062.3364176949,29120.38671875,30679.9181934488,30602.4212881113,9684.1181988472
2019,112696.649059674,81827.6688873996,85872.9702303454,66068.7003106378,69296.3144361601,79329.3075190012,65227.9565911038,59404.2663247723,81882.6964523869,53554.9007491475,66841.3013484919,55194.7585097428,51648.9892820514,49885.9947355204,46716.6227467964,47656.199739747,44091.8678022544,43160.6843971799,48359.0011950597,48358.1807773701,46352.9695208927,41257.8045861543,42872.2681243427,40408.2848574751,32421.9087471186,33812.788724868,29227.16796875,31830.5284993358,29786.5245689007,9395.2337800137
2020,116860.02817236,86514.0706108754,87529.7016394892,61772.5036492256,60127.9393575616,71057.5879471399,64465.2971415748,60985.4885601514,36883.6652578543,53467.9277413737,51683.5054376677,51983.4523666382,52568.5726980146,48716.4098900349,45906.2875805246,47394.8734504469,44590.8237253282,40815.1255364787,46109.2299946609,48828.6846862799,43537.8981198851,37361.090067211,42054.6743136586,39169.8606000707,31823.422001724,32091.4866621366,28130.330078125,31427.1034994916,27233.9426461608,8798.1179170931
2021,134965.815442152,103783.446284479,96582.8687080693,80884.8565369236,70425.4064277273,96442.5552173002,71441.2319805947,69340.7334922138,44884.8961602393,60141.9880911492,71751.8831257169,60758.9044397144,60647.5416365347,53648.6437976214,51658.238294958,52349.2459994422,52258.4693499398,47695.6491523474,49770.5642374739,53099.1351400148,52886.6407813788,42425.6996761083,49902.154346032,43725.0999521245,38078.0064279067,36852.5425414951,32937.8359375,32618.8705106244,30799.4775937775,9981.7639841134
2022,123719.658915996,105190.685952731,97809.095567203,91227.6970426492,76376.9599334915,113122.130765691,78008.6895811877,67781.0940939514,36806.891255461,59123.318556487,88701.463352273,65169.5191118657,54836.8907235124,52336.7725223758,50639.0264882739,50506.5179638543,54947.2091250715,47034.7795621476,48825.0272275805,50440.560224974,56496.9275340663,42414.0590111349,49141.6316294227,40988.6396406579,35658.8318250199,35653.9042103495,33231.05078125,35353.5613891039,30319.4987196616,10897.8397861365
2023,133230.619178899,106818.917130804,104449.75451772,86382.5900499252,82201.2908518078,90984.4087141111,82586.7847707894,68043.5466971243,67216.3631112124,63515.6030780019,80195.8746508549,65058.3773146674,54950.2834725622,56579.504175468,55244.68145811,54776.7668235491,52126.4489280033,49919.6896621586,50525.1119312663,52864.6931581216,54847.5370112652,46812.448450114,49302.341876493,44700.1384177544,40932.5238774461,39279.699782164,36623.70703125,36980.7653928068,33493.2225409111,13375.0947282864
2024,137781.681659123,112894.953240805,107702.065940312,94896.5621495988,85863.1479330343,89888.9535204758,86169.6641581917,71026.4832271897,72004.7437020733,67465.3208126875,75685.0865779973,64609.9865116088,57222.7100565003,58268.8787651601,56581.9375642531,56103.7323182554,54216.5218142787,53341.3131094262,54274.7547767073,53155.5451165897,55015.7066917734,49357.437070178,49432.3626396797,46103.0840855884,44023.6341078148,40429.6224047352,38674.3125,39353.2242360643,35326.7683069278,15892.7157287241
2025,147252.179121515,131592.462547877,114769.012314293,98813.9788172877,98323.4849517418,94594.1929573987,90026.5163005744,76970.1535217919,75901.7461294198,73683.917132794,72524.9066385222,65129.7227990563,63133.2126736715,62930.0351324599,60750.2735864647,60496.4350820414,60336.8477964194,57601.9621201954,56983.0663059906,56148.580949046,55697.6639660837,54291.5026031052,49591.0405731713,48985.7307807924,47906.9000057635,43308.6403060733,41783.08984375,40620.1526923687,38627.2472148623,18599.4420922378
