Yıl,Amerika Birleşik Devletleri,Çin,Almanya,Japonya,Birleşik Krallık,Hindistan,Fransa,Rusya,İtalya,Kanada,Brezilya,İspanya,Güney Kore,Meksika,Avustralya,Türkiye,Endonezya,Hollanda,Suudi Arabistan,İsviçre,Polonya,Belçika,İrlanda,Arjantin,İsveç,İsrail,Singapur,Avusturya,Tayland,Norveç
1990,5963.144,361.5602294455,1778.1621958601,3252.9942398674,1093.1693892046,320.97902642,1257.6494398265,517.0144462279,1183.9451308985,596.075591361,384.9598181818,536.1753264773,292.064221389,261.2536756928,311.8406664651,150.6555001916,106.1407273336,318.7990039937,117.6301735648,269.7682385546,65.9777482105,205.3317479479,49.3056324085,141.3526543052,261.4665770089,61.9784590223,36.1443367687,165.8113723829,85.343190719,119.3443775261
1991,6158.129,384.5104529617,1875.7925751326,3724.8876488623,1142.7971781305,270.1053418792,1258.9617486339,517.962962963,1249.0924395193,612.5277123156,342.5340909091,576.7539023219,340.8519468038,313.1396561457,326.4164078608,151.0347315436,116.6219962171,327.9823161245,132.2232309746,272.9536457462,85.500935935,210.5109994093,49.7875015845,189.7199842685,273.8314645721,70.9549416814,45.4661649783,173.113449617,98.2347149711,121.1493313178
1992,6520.327,428.5023547881,2141.3775829681,4064.5295675054,1179.6595296595,288.208070278,1389.6630731103,460.2905569007,1323.2043503535,594.3873583189,328.1919098822,630.4653534861,366.9212918247,363.1578329237,325.9829669814,159.1047729919,128.02696658,363.4970501253,137.0878504673,284.1394282463,94.3370506933,234.7816524467,55.9185381214,228.7789173082,283.9089144545,79.4086524262,52.1313200329,194.3140320561,111.4527465177,129.9988736021
1993,6858.559,446.5572912121,2078.9542174376,4632.4805150911,1061.3887222555,279.2956489825,1314.3833680797,435.0837138508,1067.4125876707,579.0535617394,368.292034381,524.7005726239,405.7053028464,530.1607636625,312.5688589095,180.4157578516,158.0067003015,354.0704959658,132.9679572764,276.3397441798,96.0431572729,224.721795709,52.4174776137,236.741715015,212.6446026158,79.8065981196,60.6038157163,189.6340293387,128.8892629512,119.8416994404
1994,7287.236,566.9295394932,2215.2826322767,5104.0634863484,1140.4897459443,327.2748434594,1385.822778828,395.0773012485,1101.7501597022,579.9443468073,525.3694672957,530.1836517203,479.1817942169,553.6182479007,323.2694569353,130.6504474991,176.8921439315,379.6882322315,135.1748998665,305.9163317979,110.8036352876,244.8841294912,57.097656066,257.44,228.699066874,90.6841081185,73.6887244311,202.7380231297,146.6837789591,126.3243878939
1995,7639.749,738.1908962276,2593.0530913061,5639.6497539858,1349.0942086161,360.2819096435,1595.2193455119,395.5371857349,1177.3694282658,605.9610900612,769.3330509869,614.1700026688,586.2864694007,380.1574698668,368.7251262251,234.699627004,202.1320287231,452.9673346143,143.3431241656,358.1525200846,142.8385271154,288.0255883963,69.1398232323,258.03175,267.0504535068,105.4323156112,87.8125407884,240.09416951,169.2789165928,151.0836279833
1996,8073.122,868.5239365301,2506.5765531583,5021.4416188404,1425.2870514821,392.8968662045,1598.8892165662,391.7248907445,1314.7765089723,630.6079941327,850.4264329917,642.2514120583,631.1968637583,432.1579450244,401.9625174791,250.3669651741,227.369679375,451.3725490196,158.6624833111,345.3736472492,160.8130262231,279.2014332248,75.7907862903,272.14975,291.9495973755,115.0519575775,96.2930865131,235.9525812321,183.0352374293,162.4275171323
1997,8577.552,967.7535704347,2218.7908865328,4579.7807934316,1569.3172888016,415.8675635928,1449.3922229714,404.9289541919,1244.9881764438,654.9877220858,883.2061797305,589.7397727273,589.2025264241,523.4495304643,436.3219027674,263.8175537484,215.7489986096,417.5062118816,165.9636849132,298.868250534,159.8939649168,252.7080514208,82.8566487584,292.859,268.2496168909,119.3893030672,100.1237872153,211.7248122674,150.1804565657,160.0135719739
1998,9062.817,1037.1341417604,2247.760364566,4150.3590763705,1660.8214640609,421.3513172249,1496.9063820325,270.9554868624,1272.7297869968,633.9993259184,863.7107592564,618.7314845751,397.2972164922,557.4611026307,400.3615275046,276.0353726546,95.4455478727,438.6125305488,146.7754666667,306.9077410677,175.2822696668,258.528339631,90.1994101155,298.94825,270.8873067586,120.4686592458,85.7282077818,217.0680858159,113.6755967877,152.9559581715
1999,9631.172,1103.8432035756,2213.8734685869,4688.9834496272,1693.4589872189,458.8210526158,1486.9158797019,195.9071283509,1255.004736464,678.4142155213,599.6420243195,634.3949043869,515.697079289,631.2493597024,390.3477879434,256.6739392478,140.0013512155,447.7785141402,161.7170666667,301.9112681401,170.7044527147,258.2457332215,98.8939582626,283.523,274.3183578621,121.3292400415,86.2868497549,216.4218091259,126.6692117789,161.3046209868
2000,10250.952,1223.754919971,1966.9807011451,5042.3818383434,1671.597821153,468.3955216545,1360.9590694775,259.7101421969,1149.6613634394,744.7734159316,655.4482319835,598.1028547561,597.4871734791,742.0613297491,416.9019621635,274.7484631785,165.0210120778,417.6492821537,189.5149333333,282.3273519659,172.953527033,236.7924603125,100.2076104299,284.20375,262.9035602803,136.4099026316,96.0765399257,196.1815998313,126.3922242538,170.6203276603
2001,10581.929,1355.0365902515,1966.3814966417,4438.7927480624,1656.1710090687,485.4401392042,1370.3766772989,306.6020706205,1172.0414888059,738.9817923554,559.983634799,627.7986823787,567.5648062354,796.0645905491,380.3602228612,202.195080239,160.4469477849,432.5362196689,184.1376,290.1601422138,191.8232003713,236.7461416044,109.3466692297,268.69675,242.4977974848,134.889159474,89.7937906697,196.4772068293,120.2964761804,173.5909783467
2002,10929.108,1489.8216820505,2102.3507983059,4245.9469805723,1790.5365707434,514.9391403188,1492.4277563824,345.4704944179,1281.746271196,760.6506085516,509.7952738067,708.9382272439,650.0143914702,810.6661164019,396.4369672626,240.7780084738,195.6606111652,475.5299721227,189.6058666667,313.9309617606,199.6944632556,258.3835993752,128.5960352884,97.7240042519,267.3719074468,125.2159631052,92.5383728697,212.8372240228,134.3009044,195.3599789574
2003,11456.45,1683.9033098439,2534.715518349,4573.413206709,2061.227755102,607.7006872373,1835.0959830491,430.3474201849,1582.9300165388,895.5420740846,558.2337456519,907.9632170576,728.5164946843,765.5499678886,468.5171811299,315.3928999224,234.7724638238,582.435617082,215.8077333333,366.5639526249,218.5612259985,318.0825285066,164.6707712596,127.5869734922,334.0724435156,131.2788878154,97.6464010956,260.7798343401,152.2806152459,229.1926781729
2004,12217.196,1984.1965513004,2852.3177680618,4941.4851238065,2429.7748077627,709.1527288308,2109.792297237,591.0166907324,1812.8087532947,1026.6910069178,669.2894248063,1069.8293825147,823.2511076388,819.459227375,615.6430502205,410.1567844959,256.8368752955,661.2248861432,258.7421333333,409.0129095296,256.2686561451,369.2147124432,194.3721150411,164.6579304528,384.545442175,139.9254230254,115.033593101,299.2104114548,172.8956851547,265.6629776881
2005,13039.197,2317.551298052,2893.3931873619,4875.6484863661,2551.3618181818,820.3837635114,2192.1464030282,764.0159734811,1864.9822612869,1173.1185014029,891.6338398942,1154.6675517759,971.7403299839,917.5718534373,696.8114896128,508.3142102125,285.8686191961,688.1336996358,328.4596087641,424.5110480244,306.9999131505,385.71476223,211.8769896559,198.7370950123,391.6884559286,147.3460358313,127.8078487284,313.9523173308,189.3184084686,311.4173069461
2006,13815.583,2791.4984728043,3046.3087536706,4648.0589307072,2719.5584176633,940.2598887877,2317.8615446908,989.9320713525,1958.5636543856,1319.2912552891,1107.6265414349,1261.8466832753,1095.1755385082,1020.265057882,749.708370333,559.668118237,364.5705156184,737.5939952894,376.9001335113,448.3646817674,345.8976307362,408.2598408688,232.1806171623,232.5572608173,422.5283944594,158.7065160016,148.6272863614,333.9059793325,221.7582960216,349.7732836449
2007,14474.228,3604.0558225716,3484.0566808549,4624.670179655,3104.699879952,1216.736438835,2655.8169118666,1299.7034784816,2222.5241081276,1468.8204077833,1397.1144863687,1476.7462768545,1220.9119045931,1102.3555548804,856.6035958232,685.228481017,432.2167377749,853.4994608726,415.9645096731,498.9938453849,429.7151321375,470.9221563095,270.0792794195,287.5305084306,490.0477895484,184.4488824517,180.941701358,386.7601775895,262.9426214551,407.8137741611
2008,14769.862,4667.346414522,3808.197720125,5160.1971758764,2945.2518382353,1198.8951390059,2926.8029415859,1660.8480583031,2417.5084141872,1552.9934395501,1695.8550834975,1636.1154476125,1091.5806925423,1161.5534599846,1058.4482440638,775.4159443329,510.2286349923,957.9015660414,519.7968,574.7039451574,535.6120306719,517.3280879201,275.4474714511,361.5580371104,514.6141008329,220.952472408,193.6173235392,429.2343990962,291.382982431,472.0602836879
2009,14478.067,5189.5770949976,3478.5455166836,5336.7656975893,2429.3581554759,1341.8880169949,2700.075882519,1222.6459000557,2209.4843190126,1374.6277665996,1666.9964385814,1496.5875908477,983.0652424174,943.4374149506,931.7616897708,653.8944499213,539.5800856124,878.9542231402,429.0978666667,563.659557945,440.8914722471,485.0145259925,236.4431158537,332.9764845776,434.3117144425,213.1126495944,194.1502837716,399.2901187824,281.7106301873,395.6644880174
2010,15048.971,6192.5648744533,3467.0937696667,5811.5781094471,2496.7406810571,1675.615519485,2646.2300279883,1524.9167152239,2144.936254535,1617.3491920915,2208.8377451005,1427.9890789167,1192.8300157377,1105.4242386519,1152.5666320221,782.5456642683,755.0941576219,852.4649824333,528.2074666667,609.9995935419,478.1116306835,481.55650372,221.7328246035,423.6274220925,492.7508972394,239.3728575345,239.8079805912,389.8277892176,341.1047663292,440.1321384255
2011,15599.732,7671.7572078513,3823.5758037938,6279.4225502187,2675.5900341287,1823.0518298946,2870.4085539903,2045.922753398,2306.9740202782,1793.3357279009,2616.1562239177,1487.5686592413,1307.1034772191,1229.0137034168,1402.9398686534,844.1925073808,892.9691045632,913.1407413327,680.6608,727.2316371018,527.8485430235,527.1966490486,240.9758710466,530.1581220104,570.5385811444,267.7393526094,279.3564990905,428.9547370641,370.8187396236,512.8685816277
2012,16253.97,8673.6647131892,3596.4832334062,6333.8039287878,2719.7159615398,1827.6375904104,2683.0070957872,2208.2935538784,2097.9294951217,1828.359477072,2465.2278028068,1330.9948116703,1335.3435864377,1255.1104247419,1552.7284014016,885.3276224791,917.8699133326,845.6890170656,751.9213333333,697.8825366769,498.1486497027,498.414364945,226.9218278881,545.9823757011,549.7396746551,263.172104091,295.0928880766,406.7504876036,397.5583252786,525.082939407
2013,16880.683,9743.1242472672,3807.023797051,5272.297037397,2796.9083332834,1856.7215076216,2816.0776078753,2292.4700783462,2153.2255819415,1846.5838314144,2472.8195355572,1362.1869231576,1434.6696865018,1327.4362904393,1583.7374619254,962.1676435889,912.524136718,883.9515390067,769.7557333333,718.7484022596,518.1798364054,524.0970265985,242.9242457188,552.0251402522,584.1253531192,298.0453247356,307.576360585,426.5805027694,420.3336545925,540.1322553191
2014,17608.138,10674.5331682574,3964.8707357608,4985.7632895608,3085.3621694103,2039.1264791545,2861.2361125524,2059.241589895,2173.2555079858,1805.751688809,2456.0437271989,1380.244561362,1556.2524220204,1364.5077176894,1474.6770075656,942.3434319287,890.8147555335,901.5565017565,787.1530666667,741.1681196166,542.1341671786,537.9874191644,266.4904421243,526.3196737316,577.7277673036,314.376760832,314.8635807585,438.556021078,407.3390401977,515.8295688971
2015,18295.019,11280.8147874689,3425.0995787461,4534.4385804949,2945.5798902585,2103.5883600449,2442.4834526425,1363.4821821977,1845.4280488391,1556.5103802002,1802.2122068145,1206.1647775531,1539.2123011355,1213.2944676538,1356.8058399359,865.4600506837,860.8542326862,775.7436753027,693.4144,706.1990088787,480.0541185834,461.0447675445,302.1013885563,594.7492854132,501.6023519116,302.8411902577,307.9985452694,379.5460973006,401.2962382281,400.6691743309
2016,18804.913,11456.024084962,3536.787895179,5110.3573832544,2706.8076065387,2294.7968856632,2470.4076197771,1276.7863508811,1887.1111881769,1527.9962506409,1795.693482853,1243.0156679171,1579.1505189454,1112.2334974527,1211.5881284176,870.8180169098,931.8773640377,797.1639492899,689.2794666667,698.6077787946,473.2596239763,474.2715667397,305.4312527087,557.532320663,513.0583129509,321.0839547983,320.7592074386,393.6873597703,413.3663497475,383.284047619
2017,19612.102,12537.5590622829,3765.3516261059,5038.2316316607,2699.1183878731,2651.4742627555,2588.8683233347,1574.199360089,1970.7209045847,1649.2694965146,2063.5149773656,1321.7540888188,1710.1967567132,1190.7214758532,1330.8905546141,863.8745223653,1015.6187441597,848.2335378459,741.2661333333,706.6604436245,528.3567232631,500.9087673515,348.3552125685,643.6283932814,535.1723567848,357.3608168566,344.7951192136,414.9261381327,456.3568135368,415.6731815434
2018,20656.516,14147.7657729638,4055.433215302,5154.2937216296,2897.028009916,2702.9296416487,2781.5763208844,1657.3287734613,2099.4352664587,1725.3307362377,1916.933898011,1431.6428093271,1824.2514543068,1256.3001829836,1433.1449787617,788.3569857737,1042.2715329886,929.7335997969,886.5648,740.766531454,594.616632477,542.6389134279,395.7803198166,524.8198923602,549.6493440432,375.4704222444,377.976367877,452.5822949728,506.7542084045,454.5888718106
2019,21539.982,14560.1671012834,3959.8947940392,5245.755000479,2875.7100800153,2835.6062565582,2722.7935151718,1693.1150027083,2019.6067965835,1743.7289521569,1873.2882050597,1403.4963876863,1751.0457520546,1304.1062040063,1398.3496029564,775.8531442226,1119.0998713502,928.9030055765,888.8901333333,736.3847641569,602.6837701449,536.7263444055,407.2117938007,447.7546836152,530.8941244944,399.2077710816,376.827390962,442.9836423718,543.9766917939,424.2448863636
2020,21375.281,14996.4141667151,3941.3989570739,5189.1975436454,2724.0014783046,2674.8515785873,2647.92605511,1493.0758943621,1907.4810940792,1655.686966882,1476.1072313105,1289.7838369712,1744.0702763733,1121.0647671688,1333.3364616481,733.6282471191,1059.0548426985,932.5608617012,767.9512,756.0961802221,605.9142379037,529.6944735018,436.0090278189,385.740508437,544.2656684517,410.9088997113,351.2265336563,434.3976015577,500.2749277785,382.2525179219
2021,23725.645,18201.698719564,4355.2519534108,5225.9335207531,3194.5591889259,3167.2706232605,2966.4336920081,1829.1867195751,2179.2077735961,2022.3779508968,1670.6473989049,1461.2449018527,1942.3135609659,1316.5694668339,1560.6174932027,839.9386681721,1186.5096910867,1054.4721234496,982.6610666667,840.7100234813,689.1702306654,598.5224222419,530.3941238298,486.56408548,631.6933313008,489.735019666,441.1109035246,480.4663631768,506.0497838249,521.5922002328
2022,26054.614,18316.7650216902,4201.0217064786,4447.9762073148,3181.2443504654,3249.9384920135,2794.7881370669,2292.4950976815,2104.0676303195,2200.5627850463,1951.9239420833,1448.8506584066,1799.3631168665,1466.9347242434,1695.6275354758,926.0974769138,1319.1011833801,1046.5407975486,1239.0752,858.4790389938,695.6074708753,591.4744635786,548.3417945991,633.9937563011,575.0712376409,525.1579512129,514.2525352387,473.2212989682,495.691837308,617.321834099
2023,27811.517,18270.3566545332,4562.2075324903,4384.8542699619,3420.7966537891,3500.9060306448,3056.2506481383,2046.2848381511,2316.8822963663,2196.5938363474,2191.1317656846,1619.4819807196,1844.8009343915,1794.4103477183,1734.4512646556,1141.2428646574,1371.1669257499,1135.475867551,1218.5848,928.4352758517,812.4511933961,650.7793643637,567.3727374591,649.4616879592,578.9909152461,513.3933954919,511.1817612438,516.6705096289,517.0133694751,502.1976333228
2024,29298.013,18729.668435848,4685.5925778047,4190.0081883586,3695.5395135342,3760.8134705009,3160.4426224651,2186.4622688131,2383.4355624581,2270.0761896835,2185.8216106893,1725.6716527422,1875.3882094068,1830.4893110889,1757.0224516528,1359.1237687741,1396.3017884617,1213.9362380633,1254.1408,969.9197863949,917.7671061468,670.9831306188,609.1574597472,638.36545534,604.8273934886,542.2844944908,572.8772601784,534.7907204668,529.3855209415,500.8863280341
2025,30769.7,19498.0393880426,5050.922925047,4435.1629999769,4002.587541846,3956.0671157716,3366.3159274473,2561.3101693587,2551.5569541004,2319.8997724259,2279.9200924921,1906.4533099859,1872.3749615531,1832.6413647755,1798.5189336892,1597.293229287,1445.6425841638,1332.7676511004,1276.9429333333,1043.5298992509,1035.4917841974,725.4664628596,721.7013590463,683.0978916186,668.9986640821,610.7778428736,603.8695169987,579.4700210954,577.009981112,530.7557194389
