Yıl,Birleşik Arap Emirlikleri,Bahreyn,Suudi Arabistan,Danimarka,Kuveyt,Norveç,Lüksemburg,İzlanda,Katar,Malezya,Güney Kore,İsviçre,İrlanda,Hollanda,Brunei,Belçika,İspanya,Çin Hong Kong ÖİB,Ürdün,Şili,İsveç,Birleşik Krallık,Umman,Avusturya,Amerika Birleşik Devletleri,Singapur,Rusya,Kanada,Malta,Türkiye
2000,23.6253008752,6.1537325465,2.2106918091,39.1724308555,6.7313957684,52,22.8873279731,44.4705338243,4.8636791788,21.3847311645,44.7,47.1,17.8504672406,43.9843513731,8.9962845345,29.4316916924,13.624960809,27.8277606813,2.6232754216,16.6,45.6876522122,26.8217543509,3.5204214165,33.7301329517,43.0791626375,36,1.977230109,51.3,13.1137087111,3.7616850351
2001,26.271754201,15.0386342514,4.6810531658,42.9575247202,8.5517924343,64,36.1634225063,49.3929953676,6.1702685609,26.6959725007,56.6,55.1,23.1388121904,49.3730621073,12.9177690823,31.2883955057,18.1487226903,38.671403231,4.7057195809,19.1,51.7656649373,33.4810948744,5.8938415215,39.1854501811,49.0808315897,41.6704251756,2.9443677866,60.2,17.8778483243,5.1894814608
2002,28.316485311,18.0507208881,6.3847050196,64.25,10.2489679289,72.84,39.84,79.12,10.2261289281,32.3382043389,59.4,61.4,25.85,61.29,15.3298798557,46.33,20.39,43.0823830279,6.0255324119,22.1,70.57,56.48,6.8733960392,36.56,58.7854038837,47,4.128271818,61.5932992682,28.92,11.38
2003,29.4779534121,21.5549449918,8.0015828909,76.26,22.4029383805,78.13,54.55,83.14,19.242336421,34.9711523397,65.5,65.1,34.31,64.35,19.5950032207,49.97,39.93,52.2000433497,8.4660050162,25.4737788865,79.13,64.82,7.2557429454,42.7,61.6971171244,53.8379432882,8.2988606155,64.2,31.64,12.33
2004,30.1312961695,21.4586805077,10.234532997,80.93,22.927112036,77.69,65.88,83.88,20.7016478512,42.2522656295,72.7,67.8,36.99,68.52,29.7156041448,53.86,44.01,56.3998803935,11.6587413706,28.1779101232,83.89,65.61,6.7588521702,54.28,64.758256476,62,12.8593889008,65.9559634649,34.62,14.58
2005,40,21.30369949,12.7050359883,82.74,25.92609978,81.99,70,87,24.73349953,48.629170246,73.5,70.1,41.61,81,36.4663919476,55.81999969,47.88,56.9,12.93290043,31.1753006,84.83,70,6.683599949,58,67.9681015,61,15.22669983,71.66,41.24,15.46
2006,52,28.24399948,19.4595543514,86.65,28.79120064,82.55,72.51,89.51,28.97410011,51.6379889864,78.1,75.7,54.82,83.7,42.1863491609,61.9818700222,50.37,60.8,13.86709976,34.4977511736,87.76,68.82,8.299699783,63.6,68.93119812,59,18.02330017,72.40000153,40.41,18.24
2007,61,32.91,30,85.03,34.79999924,86.93,78.92,90.6,37,55.7,78.8,77.2,61.158324551,85.82,44.68,66.7604202433,55.11,64.8,20,35.90000153,82.01,75.09,16.68,69.37,75,69.9,24.66,73.2,46.9,28.63
2008,63,51.95,36,85.02,42,90.57,82.23,91,44.29999924,55.8,81,79.2,65.34,87.42,46,68.8573221425,59.6,66.7,23,37.29999924,90,78.39,20,72.87,74,69,32,76.69999695,50.08,34.37
2009,64,53,38,86.84,50.79999924,92.08,87.31,93,53.09999847,55.9,81.6,81.3,67.38,89.63,49,74.5441455527,62.4,69.4,26,41.56,91,83.56,26.79999924,73.45,71,69,42.55,80.3,58.86,36.4
2010,68,55,41,88.72,61.40000153,93.39,90.62,93.39,69,56.3,83.7,83.9,69.85,90.72,53,77.6397855127,65.8,72,27.2,45,90,85,35.8278,75.17,71.69,71,49,80.3,63,39.82
2011,78,76.9999665032,47.5,89.8100133895,65.7690706867,93.4899826515,90.0298585647,94.8196868009,69,61,83.7591201534,85.1930281805,74.8899729671,91.4199957622,56,81.6099959956,67.0899993927,72.19999695,34.9,52.2496072878,92.7699860554,85.3799985496,48,78.7399930987,69.7294607619,71,58,83,68.0198237885,43.0657104309
2012,84.9999915049,88,54,92.2600117153,70.44999695,94.6499780533,91.9499237417,96.2097995546,69.3,65.8,84.07,85.2,76.9199925401,92.8599923595,60.27310181,80.7199905482,69.809999942,72.9,37,55.04999924,93.1799880065,87.4799984242,60,80.029993917,74.7,72,66,83,68.1998742929,45.13
2013,88,90.0000397,60.5,94.6297,75.45999908,95.0534,93.7765,96.5468,85.3,57.05751226,84.77,86.34,78.2477,93.9564,64.5,82.1702,71.635,74.2,41.4,58,94.7836,89.8441,66.45,80.6188,71.4,80.90209961,67.97,85.80000305,68.9138,46.25
2014,90.4000107122,90.5031334815,64.713657369,95.9935053764,78.69999695,96.3005098243,94.6702052775,98.1580233097,91.48999786,63.6654258813,87.5568264945,83.6172512622,83.4917223352,91.6666666667,68.76999664,85.001237954,76.1867089779,79.8662704309,46.2,61.11000061,92.5236065038,91.6133009176,70.22000122,80.9958249575,73,79.0292358633,70.5175682574,87.12000275,73.1141157845,51.0373665522
2015,90.5,93.4783007986,69.6162358014,96.3305016195,82,96.8103256914,96.3767141705,98.19999695,92.8848264535,71.0640678112,89.8962557995,87.4790555979,83.4947916667,91.724137931,71.19999695,85.0529417509,78.6896318704,84.9483529634,54.22000122,76.6295919509,90.6101966399,92.000299874,73.52999878,83.9401419315,74.5542024463,79.0129570026,70.0992412264,90,75.9600189753,53.7449791424
2016,90.600007318,97.9999807024,74.8792746892,96.9677852517,85.59999847,97.2982036675,98.1366986658,98.23999786,95.1246621661,78.7883099275,92.8430256796,89.1346877351,83.5,90.4109589041,90,86.5164766644,80.5613329432,87.4794146709,56.15000153,83.5585860244,89.6509476102,94.7758006319,76.8453904741,84.3237425712,85.5444212887,84.4522678893,73.0914346179,91.16000366,78.0751488032,58.3477340146
2017,94.8199225383,95.8781357543,94.1755996114,97.0993621556,97.9999893345,96.3576012951,97.3629603242,98.2552011868,97.3888491654,80.1404790104,95.0694218761,89.686147671,84.1140070624,93.1972789116,94.86669922,87.6796808176,84.6022457017,89.4159446488,64.5,82.3274869338,93.0062669652,90.4245504869,80.18560028,87.9355865856,87.2748891688,84.4522678893,76.0081385339,92.70140076,81.0119110763,64.6846176835
2018,98.4500017817,98.64467258,93.310001848,97.3192043651,99.5988495908,96.4916579887,97.0612987058,99.0109539917,99.6528491261,81.2010486181,96.0228595798,91.80000305,87.0001401149,91.8918918919,95,88.6473429952,86.1072355257,90.5073953294,65.2,84.90000153,89.2469631588,90.6920089888,85.5,87.4791372263,88.4989031652,88.1656360313,80.8647218727,94.64,81.6580442928,71.0427608434
2019,99.1499979561,99.7015043808,95.7247355954,98.0464347522,99.5426764518,98.0000043853,97.1206356933,99.5049411694,99.6528042086,84.1871450078,96.1575791842,93.1460869535,87.0000552425,93.288590604,95,90.2754280121,90.7186653253,91.7434003892,70.08470154,85.01760101,94.4934434072,92.5166285497,90.25939941,87.752204787,89.4302848576,88.9492526851,82.6421618671,91.91290283,85.7785963798,73.9767022872
2020,100,99.67103159,97.8623325,96.54914573,99.10587017,94.60755647,98.45962893,99.5327519,99.65284913,89.55501192,96.50506052,94.34999847,91.99989097,91.33333333,96.30549622,91.52641629,93.20564892,92.41313602,78.4178009,87.45929718,94.53943122,94.81820132,95.23229321,87.52942813,90.34470367,92.00434653,84.99466978,92.3,86.85876183,77.6695605
2021,100,100,100,98.8658506,99.7,99.0000036,98.66086333,99.68701957,99.65280151,96.7514278,97.57132698,95.56937154,93.50610352,92.05298013,97.62879944,92.78867618,93.89752157,93.08715788,85.999997,90.23280334,94.6703163,96.19650269,95.23880005,92.52915104,91.2684021,96.92468156,88.21384578,93.93710327,87.46977742,81.40843745
2022,100,100,100,97.86011812,99.74729919,98.99997764,98.24203749,97.58339691,98.03800201,97.3986404,97.16855335,96.45279694,95.03690338,92.51968504,98.97042579,94.00783071,94.4855432,95.61357052,90.4999984,92.31819916,95.00970335,95.46530151,95.24530029,93.61409139,92.72850037,95.95386476,90.41799163,94,91.54062209,83.43716576
2023,100,100,100,98.77559197,99.74731125,99.00000258,99.34785707,97.94860077,98.15229797,97.69272633,97.41597478,97.34436623,96.8660965,97.00680272,98.97039795,94.62625074,95.44564516,95.97781908,92.53443944,94.45742345,95.70327461,95.44719696,95.25170135,95.33467117,93.52559662,94.28518987,92.24496346,94.14530182,92.07266941,85.96074155
2024,100,100,100,99.76915157,99.74729919,99,98.7606147,98.209198,98.08540344,98.0206059,97.89563777,97.3443985,97.18769836,97.00679779,96.29828801,95.77579144,95.7574516,95.75536971,95.62244985,95.590243,95.52930428,95.4720993,95.25174678,94.91974877,94.69380188,94.37757178,94.36495368,94.353302,93.86029816,87.3078767
