Yıl,Hindistan,Çin,Amerika Birleşik Devletleri,Endonezya,Pakistan,Nijerya,Brezilya,Bangladeş,Rusya,Etiyopya,Meksika,Japonya,Mısır,Filipinler,Kongo - Kinşasa,Vietnam,İran,Türkiye,Almanya,Tayland,Tanzanya,Birleşik Krallık,Fransa,Güney Afrika,İtalya,Kenya,Myanmar (Burma),Kolombiya,Güney Kore,Sudan
1960,435.990338,667.07,180.671,88.29607,45.70931,45.053782,72.388126,51.82866,119.897,21.376693,36.724615,93.216,26.896479,27.891897,15.264846,32.531933,21.470434,28.329898,72.8149,26.851747,9.901419,52.4,47.412964,16.440172,50.1997,7.695307,21.73025,15.606209,25.012374,8.364489
1961,446.564729,660.33,183.691,90.791249,46.921277,45.98931,74.605447,53.310348,121.236,21.906102,37.890118,94.055,27.600898,28.792621,15.662374,33.409059,22.125726,29.119238,73.377632,27.650334,10.187886,52.8,47.905982,16.908035,50.53635,7.98777,22.210581,16.095203,25.765673,8.634941
1962,457.28309,665.77,186.538,93.37585,48.156128,46.965292,76.865323,54.881146,122.591,22.465126,39.1292,94.933,28.337013,29.723536,16.075724,34.28856,22.807907,29.916147,74.025784,28.48104,10.487756,53.25,48.389516,17.418522,50.87945,8.299308,22.704719,16.599029,26.51303,8.919028
1963,468.138575,682.335,189.242,96.051424,49.447776,47.973575,79.164235,56.504402,123.96,23.051637,40.424065,95.9,29.091869,30.674731,16.507599,35.249101,23.519005,30.726841,74.714353,29.342322,10.799528,53.65,48.877567,17.954564,51.252,8.627971,23.213408,17.113823,27.261747,9.218077
1964,479.229598,698.355,191.889,98.833749,50.799999,49.012016,81.488595,58.178374,125.345,23.666548,41.772049,96.903,29.858922,31.643032,16.955327,36.201563,24.262859,31.543072,75.318337,30.232141,11.127826,54,49.401492,18.511361,51.67535,8.973535,23.737315,17.637411,27.984155,9.531109
1965,490.140146,715.185,194.303,101.36513,52.20901,50.086764,83.817583,59.902519,126.745,24.310612,43.174477,97.952,30.629174,32.625316,17.427802,37.129656,25.036978,32.34522,75.963695,31.149337,11.470728,54.34805,49.877725,19.08938,52.11235,9.338078,24.279431,18.16905,28.704674,9.85803
1966,500.740247,735.4,196.56,103.792754,53.678667,51.188234,86.139359,61.669806,127.468,24.952689,44.629106,98.851,31.406541,33.61717,17.931929,38.024836,25.82927,33.177672,76.600311,32.086071,11.827459,54.6485,50.311637,19.690087,52.519,9.717816,24.836496,18.702688,29.435571,10.197578
1967,511.606372,754.55,198.712,106.526393,55.214768,52.293065,88.446124,63.510929,128.196,25.620276,46.129608,99.879,32.19636,34.62132,18.462782,38.89508,26.628432,34.050421,76.951336,33.037801,12.200109,54.9436,50.722791,20.314066,52.9005,10.111057,25.406429,19.235618,30.130983,10.550597
1968,522.716889,774.51,200.706,109.450006,56.810507,53.432783,90.74124,65.408276,128.928,26.33793,47.668303,101.011,32.998319,35.638342,19.012189,39.734609,27.437391,34.921684,77.294314,34.00256,12.602076,55.2117,51.11298,20.957287,53.23575,10.518823,25.989662,19.766796,30.838302,10.917999
1969,533.880544,796.025,202.677,112.517639,58.460939,54.631914,93.045777,67.294133,129.664,27.072571,49.233194,102.219,33.811615,36.660799,19.570445,40.582096,28.273482,35.787774,77.909682,34.973782,13.0367,55.44175,51.536014,21.614676,53.53795,10.939695,26.585112,20.291942,31.544266,11.298936
1970,545.864268,818.315,205.052,115.657495,60.166719,55.893838,95.375651,69.058894,130.404,27.829128,50.814953,103.403,34.62399,37.622204,20.137436,41.47523,29.1451,36.638465,78.169289,35.954408,13.492677,55.66325,52.007169,22.279984,53.82185,11.368791,27.193016,20.811782,32.240827,11.695771
1971,558.096387,841.105,207.661,118.833702,61.847899,57.214684,97.739273,70.276758,131.155,28.600106,52.412558,105.697,35.433368,38.518659,20.695569,42.449276,30.029071,37.518611,78.312842,36.937387,13.971451,55.896223,52.499553,22.942143,54.07349,11.788904,27.807219,21.319096,32.882704,12.105539
1972,570.482142,862.03,209.896,122.039841,63.583194,58.601748,100.146797,71.641519,131.909,29.374608,54.030168,107.188,36.258328,39.40856,21.25116,43.429168,30.921179,38.430221,78.688452,37.933929,14.479308,56.086065,52.962356,23.609456,54.381345,12.20606,28.428324,21.819563,33.505406,12.527856
1973,583.465598,881.94,211.909,125.288515,65.461912,60.082139,102.600976,73.722294,132.669,30.166785,55.667284,108.707,37.102043,40.29413,21.827665,44.409861,31.839838,39.329533,78.936666,38.947787,15.010101,56.194527,53.392161,24.294263,54.751406,12.634835,29.026388,22.325374,34.103149,13.049315
1974,597.041391,900.35,213.854,128.555045,67.415487,61.679144,105.089675,75.839348,133.432,30.957273,57.320149,110.162,37.969667,41.174341,22.418878,45.413537,32.796463,40.210234,78.967433,39.952891,15.56163,56.229974,53.746571,24.989108,55.110868,13.070078,29.598167,22.833469,34.692266,13.580723
1975,611.309535,916.395,215.973,131.843848,69.461175,63.410815,107.619565,77.854351,134.2,31.723252,58.9824,111.573,38.875327,42.120826,23.021101,46.482903,33.802973,41.053126,78.673554,40.940005,16.138361,56.2258,54.002853,25.69094,55.441001,13.511671,30.176565,23.344644,35.280725,14.064798
1976,625.861883,930.685,218.035,135.173655,71.620254,65.258009,110.213349,79.855318,135.147,32.534418,60.645512,112.775,39.795557,43.201488,23.624031,47.684931,34.837271,41.899984,78.33695,41.896504,16.736211,56.211968,54.232383,26.39545,55.71826,13.957623,30.758811,23.85881,35.848523,14.569716
1977,640.801103,943.455,220.239,138.533541,73.901827,67.23459,112.875292,81.867264,136.1,33.167272,62.308493,113.872,40.74887,44.367962,24.229061,48.954872,35.933181,42.773298,78.159814,42.843974,17.352929,56.193492,54.486467,27.118952,55.955411,14.428819,31.355966,24.393494,36.411795,15.086614
1978,655.728229,956.165,222.585,141.953163,76.307379,69.326532,115.600942,83.889655,137.06,33.734592,63.979046,114.913,41.761431,45.575281,24.992689,50.249552,37.126535,43.645306,78.09182,43.788976,17.976566,56.196504,54.73403,27.869507,56.155143,14.934126,31.972976,24.950337,36.969185,15.695003
1979,671.155747,969.005,225.055,145.434834,78.997039,71.498242,118.380821,85.935072,138.027,34.238652,65.648865,115.89,42.818628,46.807103,25.886782,51.378211,38.424952,44.510429,78.12635,44.718434,18.592038,56.246951,54.979851,28.634162,56.317749,15.460666,32.59655,25.515626,37.534236,16.355352
1980,687.354025,981.235,227.225,148.95054,82.29101,73.764641,121.207461,88.016432,139.01,34.428514,67.300334,116.807,43.950413,48.04374,26.711099,52.490101,39.842324,45.408815,78.288576,45.650022,19.189769,56.314216,55.274184,29.518857,56.433883,16.018459,33.227204,26.104498,38.123775,17.058905
1981,703.69625,993.885,229.466,152.485035,85.802049,76.068103,124.063109,90.303105,139.941,35.304012,68.892108,117.661,45.147224,49.311727,27.500515,53.738141,41.989312,46.32119,78.407907,46.575855,19.784703,56.333829,55.603353,30.541044,56.501675,16.601507,33.858783,26.713267,38.723248,17.780572
1982,720.313473,1008.63,231.664,156.052152,89.089246,78.378701,126.923155,92.814507,140.823,36.70129,70.43326,118.48,46.407611,50.695707,28.33819,55.011289,44.272141,47.322096,78.333366,47.494577,20.398571,56.313641,55.806789,31.615339,56.543548,17.206175,34.482965,27.338331,39.326352,18.486645
1983,737.372681,1023.31,233.792,159.651381,92.227711,80.43826,129.790077,95.335155,141.668,37.740817,71.97124,119.307,47.786402,52.19462,29.250963,56.337921,46.029535,48.44741,78.128282,48.423309,21.079874,56.332848,56.10833,32.739304,56.564074,17.846374,35.162715,27.988173,39.910403,19.10977
1984,754.875449,1036.825,235.825,163.251124,95.164936,82.526443,132.658864,97.814966,142.745,38.735722,73.506846,120.083,49.247334,53.726181,30.245081,57.706067,47.793998,49.574069,77.858685,49.351708,21.779066,56.422072,56.383085,33.892788,56.576718,18.514906,35.899313,28.64269,40.405956,19.546528
1985,772.647793,1051.04,237.924,166.776185,98.229285,84.897973,135.515595,100.253825,143.858,39.842136,75.043414,120.837,50.734968,55.213006,31.264816,59.060622,49.582289,50.687115,77.684873,50.270753,22.501693,56.550268,56.665619,35.042093,56.593071,19.201768,36.622827,29.26847,40.805744,19.905872
1986,790.689978,1066.79,240.133,170.175065,101.606764,87.235953,138.33637,102.635572,144.894,41.037656,76.585637,121.482,52.206295,56.645077,32.265196,60.347048,51.446045,51.777772,77.720436,51.177834,23.258959,56.681396,56.956002,36.180515,56.596155,19.901646,37.314878,29.879112,41.213674,20.288238
1987,808.93127,1084.035,242.289,173.511154,105.130717,89.591716,141.104944,104.959291,145.908,42.460039,78.136651,122.069,53.674435,58.157496,33.298904,61.584651,53.323493,52.84367,77.83992,52.074105,24.030378,56.80205,57.266167,37.32619,56.601931,20.616096,37.971594,30.499467,41.62169,20.704904
1988,827.34299,1101.63,244.499,176.855065,108.724739,92.02009,143.826357,107.216008,146.857,44.150825,79.695531,122.578,55.187681,59.739052,34.382752,62.843228,55.072694,53.909626,78.144619,52.969595,24.769686,56.928327,57.598186,38.480649,56.629288,21.356219,38.600927,31.130524,42.031247,21.138431
1989,846.039529,1118.65,246.819,180.20163,112.336629,94.531014,146.502972,109.433799,147.721,45.87969,81.247182,123.069,56.710642,61.26526,35.486866,64.147348,56.704914,54.976723,78.751283,53.848956,25.438759,57.076711,57.943062,39.628575,56.671781,22.118434,39.214618,31.776279,42.449038,21.578022
1990,864.972221,1135.185,249.623,183.501098,116.155576,97.120925,149.143223,111.633717,147.969406,47.609755,82.82017,123.478,58.396618,62.854666,36.684063,65.504552,58.380092,56.015628,79.433029,54.738329,26.110207,57.247586,58.261012,40.746268,56.71924,22.892651,39.817251,32.440069,42.869283,22.021481
1991,883.9276,1150.78,252.981,186.778238,120.060406,99.720162,151.724256,113.787109,148.394216,49.717198,84.430572,123.964,60.028997,64.382249,37.925817,66.891775,59.986931,57.009887,80.013896,55.637434,26.780436,57.424897,58.554242,41.687898,56.758521,23.646514,40.394154,33.098372,43.295704,22.470676
1992,902.95707,1164.97,256.514,190.043744,123.546848,102.37277,154.275079,115.952192,148.538197,51.853747,86.044809,124.425,61.48066,65.926125,39.22891,68.260337,61.184983,57.990118,80.624598,56.528834,27.457588,57.580402,58.846584,42.443509,56.797087,24.38246,40.950342,33.760571,43.747962,22.927355
1993,922.118387,1178.44,259.919,193.305168,127.020117,105.122069,156.794577,118.13236,148.458777,53.708891,87.653807,124.829,62.915681,67.530621,40.656336,69.586384,61.403543,58.999167,81.156363,57.408198,28.332692,57.718614,59.103094,43.297156,56.831821,25.117188,41.502429,34.441473,44.194628,23.445592
1994,941.163767,1191.835,263.126,196.591828,130.748083,107.935714,159.265006,120.343179,148.407912,55.611508,89.259205,125.178,64.285589,69.019291,42.626876,70.854391,61.520598,60.033836,81.438348,58.260854,29.442356,57.865745,59.324863,44.004139,56.8434,25.85713,42.055143,35.12741,44.64154,24.043948
1995,960.301044,1204.855,266.278,199.888057,134.582253,110.819428,161.735073,122.60037,148.375787,57.537335,90.862455,125.472,65.652622,70.546246,44.433704,72.04994,62.205567,61.024503,81.678051,59.098232,30.383497,58.01903,59.541294,44.541554,56.844303,26.601751,42.605338,35.804662,45.092991,24.672143
1996,979.678458,1217.55,269.394,203.204348,138.557092,113.754779,164.202549,124.862179,148.160129,59.467635,92.452702,125.757,67.028048,72.190242,45.296124,73.156447,62.8813,61.951134,81.914831,59.920064,30.945762,58.16695,59.754504,45.123018,56.860281,27.344211,43.15486,36.462745,45.524681,25.231528
1997,999.133762,1230.075,272.657,206.536095,142.531804,116.754792,166.661659,127.198069,147.915361,61.404539,94.021207,126.057,68.43174,73.90881,46.029902,74.226889,63.639638,62.852966,82.034771,60.724584,31.578089,58.316954,59.968066,45.666838,56.890372,28.101768,43.708798,37.121149,45.95358,25.799821
1998,1018.66508,1241.935,275.854,209.826788,146.522356,119.846254,169.159655,129.622332,147.670784,63.363524,95.575245,126.4,69.943294,75.791024,47.2976,75.29966,64.519859,63.734383,82.047195,61.52263,32.420458,58.487141,60.190684,46.22388,56.906744,28.888057,44.257793,37.792165,46.286503,26.458999
1999,1038.225823,1252.735,279.04,213.004668,150.565377,123.04732,171.641543,132.108065,147.214776,65.374561,97.115707,126.631,71.520954,77.753257,48.912971,76.287452,65.445391,64.591923,82.100243,62.299043,33.30033,58.682466,60.501986,46.730335,56.916317,29.733408,44.787724,38.454863,46.616677,27.130613
2000,1057.922733,1262.645,282.162411,216.07779,154.879127,126.382494,174.018282,134.544304,146.596869,67.411494,98.625552,126.843,73.083284,79.625397,50.507442,77.154011,66.418659,65.425961,82.211508,63.007815,34.260139,58.892514,60.918661,47.159719,56.942108,30.64289,45.290841,39.089934,47.008111,27.816745
2001,1077.898575,1271.85,284.968955,219.097902,159.270907,129.862595,176.301203,136.80581,145.976482,69.487762,100.099099,127.149,74.652029,81.401488,52.132646,77.969361,67.452005,66.245128,82.349925,63.651141,35.198299,59.119673,61.364377,47.5668,56.976981,31.61917,45.771139,39.709262,47.370164,28.51677
2002,1097.60038,1280.4,287.625193,222.088495,163.222549,133.471989,178.503484,138.933658,145.306497,71.635517,101.548624,127.445,76.239137,83.068889,53.750524,78.772224,68.011317,67.048795,82.488495,64.266437,36.121304,59.370479,61.812142,48.019415,57.089824,32.629808,46.232653,40.32468,47.644736,29.228727
2003,1116.803006,1288.4,290.107933,225.048008,167.110248,137.202644,180.622688,140.970351,144.648618,73.832663,102.978515,127.718,77.853548,84.731835,55.343867,79.563777,68.76934,67.83173,82.534176,64.868166,37.089555,59.647577,62.249855,48.500348,57.399184,33.652223,46.667192,40.937429,47.89233,29.896035
2004,1135.991513,1296.075,292.805298,227.926649,171.286,141.057045,182.675143,142.902856,144.067316,76.077206,104.394131,127.761,79.477443,86.394504,56.997741,80.338971,70.256316,68.592617,82.51626,65.452047,38.109668,59.987905,62.707588,48.991421,57.828179,34.713455,47.068772,41.543171,48.082519,30.556637
2005,1154.676322,1303.72,295.516599,230.87165,175.453212,145.017253,184.688101,144.715786,143.518814,78.36747,105.811504,127.773,81.101004,88.015962,58.775724,81.088313,71.828455,69.329557,82.469422,66.01742,39.182076,60.401206,63.180854,49.490033,58.166682,35.796484,47.438365,42.128977,48.184561,31.262444
2006,1172.87889,1311.02,298.379912,233.951652,179.68269,149.077334,186.653106,146.405973,143.049637,80.70349,107.253666,127.854,82.700403,89.508986,60.615908,82.167897,73.392747,70.045349,82.376451,66.567687,40.294902,60.84682,63.622342,49.998277,58.399861,36.904008,47.785135,42.691084,48.438292,31.992435
2007,1190.676021,1317.885,301.231207,237.062337,184.493231,153.267261,188.55232,147.989278,142.805114,83.103217,108.77436,128.001,84.276225,91.075184,62.477752,83.633375,74.602648,70.158112,82.266372,67.102394,41.435512,61.322463,64.01689,50.528584,58.756247,38.036349,48.125043,43.235374,48.683638,32.764135
2008,1207.930964,1324.655,304.093966,240.157903,189.499113,157.595014,190.367302,149.474264,142.742366,85.543668,110.374288,128.063,85.864789,92.699095,64.390664,85.175788,75.514204,71.051678,82.110097,67.61983,42.570728,61.806995,64.375116,51.114599,59.211181,39.206351,48.390793,43.758808,49.054708,33.62398
2009,1225.524753,1331.26,306.771529,243.220028,194.376534,162.049464,192.079951,150.873714,142.785348,88.007636,111.999721,128.047,87.501636,94.38425,66.412044,86.460018,76.457825,72.039206,81.902307,68.12108,43.633982,62.27627,64.706436,51.728516,59.555454,40.408891,48.660459,44.271541,49.307835,34.569113
2010,1243.481564,1337.705,309.378227,246.305322,199.239047,166.642886,193.701929,152.201981,142.849468,90.538514,113.623895,128.07,89.196072,96.337125,68.563038,87.455152,77.420842,73.14215,81.77693,68.579447,44.758488,62.766365,65.026211,52.344051,59.819407,41.598567,49.024382,44.777319,49.554112,35.414399
2011,1261.224954,1345.035,311.839461,249.470032,203.746065,171.379598,195.284734,153.591076,143.018195,93.14997,115.243504,127.833,91.093059,98.248614,70.849311,88.468314,78.383598,74.223629,80.274983,69.007208,46.029367,63.25881,65.34083,52.995205,60.026841,42.758461,49.41982,45.259614,49.936638,36.140806
2012,1278.674502,1354.19,314.339099,252.698525,207.667125,176.200625,196.876111,155.070101,143.378447,95.798767,116.818208,127.629,93.161001,100.175512,73.254618,89.510356,79.37058,75.175827,80.425823,69.436098,47.37426,63.711,65.657659,53.782567,60.191247,43.888303,49.837446,45.71581,50.199853,36.923178
2013,1295.829511,1363.24,316.726282,255.852467,211.073978,181.049443,198.478299,156.532141,143.805638,98.438751,118.343573,127.445,95.333553,102.076336,75.789395,90.573104,80.414686,76.147624,80.645605,69.845114,48.824128,64.138,65.997932,54.678791,60.311613,44.986791,50.262658,46.151584,50.428893,37.785849
2014,1312.277191,1371.86,319.25756,258.877399,214.264647,185.896915,200.085127,157.964929,144.237223,101.11561,119.784261,127.276,97.528654,103.76713,78.403242,91.679578,81.502045,77.181884,80.9825,70.216367,50.351512,64.619,66.312067,55.594838,60.320707,46.05144,50.681634,46.565429,50.746659,38.823318
2015,1328.024498,1379.86,321.815121,261.799249,217.290883,190.671878,201.675532,159.383179,144.640716,103.867135,121.072306,127.141,99.597342,105.312992,81.035531,92.823254,82.619362,78.218479,81.686611,70.540795,52.020962,65.087,66.548272,56.723537,60.229605,47.088526,51.089056,46.96994,51.014947,40.024431
2016,1343.944296,1387.79,324.35334,264.627418,220.138869,195.4437,203.218114,160.811932,145.01546,106.718162,122.251351,127.076,101.644589,106.735719,83.956415,94.000117,83.812228,79.277962,82.348669,70.859841,53.824013,65.606,66.724104,57.259551,60.115223,48.139687,51.495696,47.437512,51.217803,41.259892
2017,1359.6574,1396.215,326.608609,267.346658,223.273967,200.254579,204.703445,162.186147,145.29326,109.666481,123.400057,126.972,103.696057,108.119693,87.083398,95.176977,85.026754,80.312698,82.657002,71.160187,55.65289,65.964,66.91802,57.635162,60.002252,49.197766,51.894938,48.131078,51.361911,42.714306
2018,1374.659064,1402.76,328.529577,269.951846,226.928892,204.938755,206.107261,163.523103,145.398106,112.664152,124.573711,126.811,105.682094,109.465287,90.047644,96.237319,86.117998,81.407204,82.905782,71.376079,57.437145,66.287,67.158348,58.613001,59.877221,50.207107,52.272247,49.024465,51.585058,44.230596
2019,1389.030312,1407.745,330.226227,272.489381,230.800899,209.485641,207.455459,164.913055,145.453291,115.737383,125.762982,126.633,107.553158,110.804683,92.947442,97.173776,87.051648,82.57944,83.092962,71.522271,59.174891,66.628,67.382061,59.587885,59.729081,51.202827,52.640713,49.907985,51.764822,45.548175
2020,1402.617695,1411.1,331.578104,274.814866,235.001746,213.996181,208.660842,166.298024,145.245148,118.917671,126.799054,126.261,109.315124,112.081264,95.989998,98.079191,87.723443,83.38468,83.160871,71.641484,60.972798,66.74,67.60111,60.562381,59.438851,52.217334,53.016522,50.629997,51.836239,46.789231
2021,1414.203896,1412.36,332.100166,276.758053,239.477801,218.529286,209.550294,167.658854,144.746762,122.138588,127.648148,125.681593,110.957008,113.10095,99.148932,98.935098,88.455488,84.147318,83.196078,71.727332,62.830412,66.978,67.842811,61.502603,59.133173,53.219166,53.387102,51.188173,51.769539,48.066924
2022,1425.423212,1412.175,333.996304,278.830529,243.700667,223.150896,210.306415,169.384897,144.236933,125.384287,128.613117,125.124989,112.61825,113.964338,102.396968,99.680655,89.524246,84.979913,83.177813,71.735329,64.711821,67.636,68.184457,62.37841,59.013667,54.252461,53.756787,51.737944,51.672569,49.383346
2023,1438.069596,1410.71,336.755052,281.190067,247.504495,227.882945,211.140729,171.46699,143.82613,128.691692,129.739759,124.51665,114.535772,114.891199,105.789731,100.352192,90.608707,85.325965,83.287273,71.702435,66.617606,68.526,68.372286,63.212384,58.984216,55.339003,54.133798,52.321152,51.712619,50.042791
2024,1450.935791,1408.975,340.003797,283.487931,251.269164,232.679478,211.998573,173.562364,143.669648,132.059767,130.861007,123.975371,116.538258,115.84367,109.276265,100.987686,91.567738,85.518661,83.516593,71.668011,68.560157,69.281,68.551653,64.007187,58.952704,56.432944,54.500091,52.886363,51.751065,50.448963
2025,1463.865525,1406.585,341.784857,285.721236,255.219554,237.527782,212.812405,175.686899,143.513328,135.472051,131.9469,123.366734,118.365995,116.786962,112.832473,101.598527,92.417681,85.878556,83.491249,71.619863,70.545865,69.487,68.720337,64.747319,58.915656,57.532493,54.850648,53.425635,51.684564,51.662147
