Yıl,Amerika Birleşik Devletleri,SSCB / Rusya,Çin,Birleşik Krallık,Japonya,Fransa,Hindistan,Almanya,İtalya,Kanada,Lüksemburg,Güney Kore,İspanya,Avustralya,İsrail,Türkiye,Birleşik Arap Emirlikleri,Angola
1957,0,2,0,0,0,0,0,0,0,0,0,0,0,0,0,0,0,0
1958,7,3,0,0,0,0,0,0,0,0,0,0,0,0,0,0,0,0
1959,18,6,0,0,0,0,0,0,0,0,0,0,0,0,0,0,0,0
1960,35,9,0,0,0,0,0,0,0,0,0,0,0,0,0,0,0,0
1961,66,16,0,0,0,0,0,0,0,0,0,0,0,0,0,0,0,0
1962,121,36,0,1,0,0,0,0,0,1,0,0,0,0,0,0,0,0
1963,175,53,0,1,0,0,0,0,0,1,0,0,0,0,0,0,0,0
1964,246,88,0,2,0,0,0,0,2,1,0,0,0,0,0,0,0,0
1965,340,152,0,2,0,3,0,0,2,2,0,0,0,0,0,0,0,0
1966,439,196,0,2,0,4,0,0,2,2,0,0,0,0,0,0,0,0
1967,524,262,0,3,0,6,0,0,3,2,0,0,0,1,0,0,0,0
1968,585,336,0,3,0,6,0,0,3,2,0,0,0,1,0,0,0,0
1969,647,406,0,5,0,6,0,1,3,3,0,0,0,1,0,0,0,0
1970,678,494,1,6,1,8,0,2,3,3,0,0,0,2,0,0,0,0
1971,724,592,2,8,3,10,0,2,4,4,0,0,0,2,0,0,0,0
1972,761,681,2,8,4,11,0,3,4,6,0,0,0,2,0,0,0,0
1973,789,790,2,8,4,11,0,3,4,8,0,0,0,2,0,0,0,0
1974,808,885,3,12,5,13,0,7,5,8,0,0,1,2,0,0,0,0
1975,838,996,6,12,7,20,1,9,5,9,0,0,1,2,0,0,0,0
1976,864,1117,8,12,8,20,1,10,5,10,0,0,1,2,0,0,0,0
1977,888,1221,8,12,12,22,1,10,6,10,0,0,1,2,0,0,0,0
1978,923,1340,9,12,16,22,1,10,6,11,0,0,1,2,0,0,0,0
1979,942,1441,9,14,18,22,2,10,6,11,0,0,1,2,0,0,0,0
1980,958,1551,9,14,20,22,3,10,6,11,0,0,1,2,0,0,0,0
1981,978,1675,12,16,23,22,6,10,6,11,0,0,1,2,0,0,0,0
1982,998,1794,13,16,24,22,8,10,6,13,0,0,1,2,0,0,0,0
1983,1024,1910,14,16,27,22,10,11,6,14,0,0,1,2,0,0,0,0
1984,1055,2025,17,18,30,23,10,12,6,15,0,0,1,2,0,0,0,0
1985,1085,2144,18,18,32,24,10,12,6,16,0,0,1,4,0,0,0,0
1986,1096,2258,20,18,36,25,10,12,6,16,0,0,1,4,0,0,0,0
1987,1106,2374,22,18,39,25,10,13,6,16,0,0,1,5,0,0,0,0
1988,1125,2483,26,19,41,27,13,14,7,16,1,0,1,5,1,0,0,0
1989,1150,2582,26,21,45,27,13,16,7,16,1,0,1,5,1,0,0,0
1990,1194,2678,32,26,52,29,15,18,7,16,1,0,1,5,2,0,0,0
1991,1226,2761,33,27,54,31,16,19,8,18,2,0,1,5,2,0,0,0
1992,1254,2839,35,27,58,33,18,20,9,19,2,1,2,7,2,0,0,0
1993,1285,2898,36,27,59,36,19,21,11,19,3,2,3,7,2,0,0,0
1994,1320,2962,41,29,63,36,21,24,11,19,4,2,3,8,2,1,0,0
1995,1360,2998,42,29,67,39,23,26,11,20,5,3,4,8,3,1,0,0
1996,1401,3026,45,29,70,40,24,27,13,21,6,4,4,8,4,2,0,0
1997,1489,3054,52,29,77,40,26,29,13,21,7,4,5,8,4,2,0,0
1998,1580,3081,62,30,80,41,26,32,13,21,8,4,5,9,5,2,0,0
1999,1660,3096,72,32,81,43,28,34,14,22,9,7,5,9,5,2,0,0
2000,1716,3119,78,36,84,43,29,37,17,23,11,7,6,9,6,2,1,0
2001,1750,3149,80,37,88,44,31,38,18,24,12,7,6,9,6,3,1,0
2002,1783,3168,87,37,98,47,33,43,19,26,14,7,7,10,7,3,1,0
2003,1811,3190,96,38,105,47,37,43,19,29,14,8,7,11,8,4,2,0
2004,1832,3209,106,38,107,54,38,43,20,30,14,9,8,11,8,4,2,0
2005,1853,3228,113,41,112,55,41,44,20,31,14,9,8,11,8,4,2,0
2006,1889,3244,121,41,123,58,41,45,20,31,15,11,9,12,9,4,2,0
2007,1935,3262,131,43,129,58,46,48,23,33,16,11,9,13,10,4,2,0
2008,1960,3283,148,46,135,59,50,57,24,38,17,11,9,13,12,5,3,0
2009,1998,3313,156,49,147,62,54,61,25,40,17,11,11,14,12,6,4,0
2010,2034,3337,176,52,156,71,56,63,26,40,19,13,12,14,13,6,4,0
2011,2064,3361,196,54,160,90,63,63,27,42,21,13,12,14,14,7,5,0
2012,2098,3384,222,58,169,95,65,64,31,44,23,14,13,14,14,8,6,0
2013,2178,3413,241,65,174,103,70,70,32,48,24,20,15,14,15,9,7,0
2014,2274,3448,266,75,198,105,74,71,34,52,26,20,16,15,17,10,7,0
2015,2379,3475,304,82,202,105,78,71,35,54,26,21,16,16,17,11,7,0
2016,2484,3489,342,83,213,107,90,73,36,57,26,21,17,17,18,12,7,0
2017,2770,3514,373,90,229,109,99,75,40,57,26,26,18,18,21,12,8,1
2018,2961,3537,468,102,246,111,109,86,41,62,35,37,23,24,21,13,9,1
2019,3323,3567,544,116,267,118,119,97,44,65,39,37,25,25,24,13,10,1
2020,4307,3591,617,220,276,122,122,102,45,71,47,39,28,28,26,13,13,1
2021,5539,3612,727,509,300,131,127,111,53,82,58,43,29,36,30,16,17,1
2022,7475,3662,909,621,312,141,138,121,64,91,74,51,48,36,41,18,20,2
2023,9708,3728,1119,766,328,153,146,131,87,109,87,63,61,47,46,27,22,2
2024,11969,3825,1385,797,354,175,156,138,98,112,95,68,69,56,46,32,23,2
2025,15677,3914,1759,807,384,200,163,158,128,118,109,90,86,68,55,52,36,2
