Yıl,Fenerbahçe,Beşiktaş,Galatasaray,Trabzonspor,Bursaspor,Başakşehir
1959,1,0,0,0,0,0
1960,1,1,0,0,0,0
1961,2,1,0,0,0,0
1962,2,1,1,0,0,0
1963,2,1,2,0,0,0
1964,3,1,2,0,0,0
1965,4,1,2,0,0,0
1966,4,2,2,0,0,0
1967,4,3,2,0,0,0
1968,5,3,2,0,0,0
1969,5,3,3,0,0,0
1970,6,3,3,0,0,0
1971,6,3,4,0,0,0
1972,6,3,5,0,0,0
1973,6,3,6,0,0,0
1974,7,3,6,0,0,0
1975,8,3,6,0,0,0
1976,8,3,6,1,0,0
1977,8,3,6,2,0,0
1978,9,3,6,2,0,0
1979,9,3,6,3,0,0
1980,9,3,6,4,0,0
1981,9,3,6,5,0,0
1982,9,4,6,5,0,0
1983,10,4,6,5,0,0
1984,10,4,6,6,0,0
1985,11,4,6,6,0,0
1986,11,5,6,6,0,0
1987,11,5,7,6,0,0
1988,11,5,8,6,0,0
1989,12,5,8,6,0,0
1990,12,6,8,6,0,0
1991,12,7,8,6,0,0
1992,12,8,8,6,0,0
1993,12,8,9,6,0,0
1994,12,8,10,6,0,0
1995,12,9,10,6,0,0
1996,13,9,10,6,0,0
1997,13,9,11,6,0,0
1998,13,9,12,6,0,0
1999,13,9,13,6,0,0
2000,13,9,14,6,0,0
2001,14,9,14,6,0,0
2002,14,9,15,6,0,0
2003,14,10,15,6,0,0
2004,15,10,15,6,0,0
2005,16,10,15,6,0,0
2006,16,10,16,6,0,0
2007,17,10,16,6,0,0
2008,17,10,17,6,0,0
2009,17,11,17,6,0,0
2010,17,11,17,6,1,0
2011,18,11,17,6,1,0
2012,18,11,18,6,1,0
2013,18,11,19,6,1,0
2014,19,11,19,6,1,0
2015,19,11,20,6,1,0
2016,19,12,20,6,1,0
2017,19,13,20,6,1,0
2018,19,13,21,6,1,0
2019,19,13,22,6,1,0
2020,19,13,22,6,1,1
2021,19,14,22,6,1,1
2022,19,14,22,7,1,1
2023,19,14,23,7,1,1
2024,19,14,24,7,1,1
2025,19,14,25,7,1,1
2026,19,14,26,7,1,1
